"Sample_Name","Sample_ID","INC","SpC","pH","Temp","Respiration_Rate_mg_DO_per_L_per_H","Respiration_Rate_mg_DO_per_kg_per_H","Methods_Deviation","Fe_mg_per_kg","Fe_mg_per_L","Initial_Water_mass_g","Final_Water_mass_g","Dry_Sediment_Mass_g","Initial_Gravimetric_Moisture","Final_Gravimetric_Moisture","Incubation_Water_Mass_g","ATP_nanomol_per_L","ATP_picomol_per_g","Percent_Fine_Sand","Percent_Med_Sand","Percent_Coarse_Sand","Percent_Tot_Sand","Percent_Clay","Percent_Silt","mean_ssa","Lost_Gravimetric_Water"
"EC_005_INC-D1","EC_005","INC-D1",115.4,6.96,21,0,0,"RATE_CV_050",0.646,0.201,4.31,2.4,15.77,0.27,0.15,50.74,7.6,20.8,6,56.2,33.4,95.6,0.4,4,8.18733333333333,0.12
"EC_005_INC-D2","EC_005","INC-D2",113.1,6.89,20,0,0,"RATE_CV_050",0.653,0.202,4.29,1.92,15.71,0.27,0.12,50.76,5.76,16.82,6,56.2,33.4,95.6,0.4,4,8.18733333333333,0.15
"EC_005_INC-D3","EC_005","INC-D3",114,6.77,20.9,0,0,"RATE_CV_050",0.65,0.201,4.3,2.28,15.73,0.27,0.14,50.76,6.54,17.44,6,56.2,33.4,95.6,0.4,4,8.18733333333333,0.13
"EC_005_INC-D4","EC_005","INC-D4",116.4,6.67,21,0.066,0.214,"RATE_CV_050; RATE_OUTLIER_000",0.655,0.202,4.28,1.84,15.65,0.27,0.12,50.79,2.97,10.89,6,56.2,33.4,95.6,0.4,4,8.18733333333333,0.15
"EC_005_INC-D5","EC_005","INC-D5",115.5,6.68,20.4,0.089,0.288,"RATE_CV_050; RATE_OUTLIER_000",0.69,0.213,4.29,1.97,15.68,0.27,0.13,50.77,2.84,9.94,6,56.2,33.4,95.6,0.4,4,8.18733333333333,0.14
"EC_005_INC-W1","EC_005","INC-W1",129,7.16,20.1,0.076,0.245,"N/A",0.894,0.277,8.34,8.34,15.74,0.53,0.53,50.75,4.06,11.61,6,56.2,33.4,95.6,0.4,4,8.18733333333333,0
"EC_005_INC-W2","EC_005","INC-W2",115.4,6.92,20.7,0.346,1.117,"N/A",0.753,0.233,8.3,8.3,15.74,0.53,0.53,50.75,6.26,17.41,6,56.2,33.4,95.6,0.4,4,8.18733333333333,0
"EC_005_INC-W3","EC_005","INC-W3",111.7,6.9,20.8,0.376,1.21,"N/A",0.703,0.218,8.32,8.32,15.79,0.53,0.53,50.73,4.3,12.92,6,56.2,33.4,95.6,0.4,4,8.18733333333333,0
"EC_005_INC-W4","EC_005","INC-W4",113.5,6.86,21,0.36,1.16,"N/A",0.767,0.238,8.31,8.31,15.77,0.53,0.53,50.74,6.03,15.84,6,56.2,33.4,95.6,0.4,4,8.18733333333333,0
"EC_005_INC-W5","EC_005","INC-W5",116.1,6.72,21.1,0.243,0.786,"N/A",0.601,0.186,8.29,8.29,15.71,0.53,0.53,50.76,4.22,14.44,6,56.2,33.4,95.6,0.4,4,8.18733333333333,0
"EC_009_INC-D1","EC_009","INC-D1",64.64,5.7,20.1,0.602,2.097,"RATE_CV_050",0.502,0.144,5.35,3.36,14.72,0.36,0.23,51.25,33,98.48,31.4,36.4,13.3,81.1,1.4,17.5,18.0746666666667,0.13
"EC_009_INC-D2","EC_009","INC-D2",65.08,5.67,20.2,9.89,34.434,"RATE_CV_050; RATE_OUTLIER_000",0.513,0.147,5.35,3.38,14.74,0.36,0.23,51.25,31.45,98.58,31.4,36.4,13.3,81.1,1.4,17.5,18.0746666666667,0.13
"EC_009_INC-D3","EC_009","INC-D3",69.74,5.76,19.8,0.239,0.835,"RATE_CV_050",0.605,0.173,5.34,3.35,14.69,0.36,0.23,51.26,24.15,71.82,31.4,36.4,13.3,81.1,1.4,17.5,18.0746666666667,0.13
"EC_009_INC-D4","EC_009","INC-D4",68.47,5.78,19.8,0.483,1.693,"RATE_CV_050",0.568,0.162,5.32,3.37,14.65,0.36,0.23,51.29,34.4,127.97,31.4,36.4,13.3,81.1,1.4,17.5,18.0746666666667,0.13
"EC_009_INC-D5","EC_009","INC-D5",63.19,6.36,19.9,2.473,8.67,"RATE_CV_050; RATE_OUTLIER_000",0.625,0.178,5.32,3.38,14.65,0.36,0.23,51.29,32.24,93.43,31.4,36.4,13.3,81.1,1.4,17.5,18.0746666666667,0.13
"EC_009_INC-W1","EC_009","INC-W1",75.2,6.9,19.8,3.002,10.539,"N/A",0.628,0.179,8.28,8.28,14.63,0.57,0.57,51.29,45.7,141.81,31.4,36.4,13.3,81.1,1.4,17.5,18.0746666666667,0
"EC_009_INC-W2","EC_009","INC-W2",63.64,6.03,19.8,3.905,13.657,"N/A",0.593,0.17,8.31,8.31,14.67,0.57,0.57,51.27,16.59,56.4,31.4,36.4,13.3,81.1,1.4,17.5,18.0746666666667,0
"EC_009_INC-W3","EC_009","INC-W3",62.81,5.75,20.2,4.162,14.591,"N/A",0.48,0.137,8.3,8.3,14.65,0.57,0.57,51.29,44.21,191.37,31.4,36.4,13.3,81.1,1.4,17.5,18.0746666666667,0
"EC_009_INC-W4","EC_009","INC-W4",63.2,5.71,20,2.971,10.367,"N/A",0.528,0.151,8.34,8.34,14.71,0.57,0.57,51.26,15.91,58.41,31.4,36.4,13.3,81.1,1.4,17.5,18.0746666666667,0
"EC_009_INC-W5","EC_009","INC-W5",63.33,5.68,20.1,2.608,9.094,"N/A",0.58,0.166,8.34,8.34,14.71,0.57,0.57,51.26,20.69,66.29,31.4,36.4,13.3,81.1,1.4,17.5,18.0746666666667,0
"EC_011_INC-D1","EC_011","INC-D1",258.7,6.71,21.5,119.42,475.308,"RATE_005",0.646,0.162,7.09,3.38,13.12,0.54,0.26,52.1,54.48,424.68,21.6,29,25.7,76.3,0,23.7,6.9868,0.28
"EC_011_INC-D2","EC_011","INC-D2",260.7,6.7,21.5,214.02,854.768,"RATE_005",0.565,0.141,7.06,2.5,13.08,0.54,0.19,52.12,46.2,259.56,21.6,29,25.7,76.3,0,23.7,6.9868,0.35
"EC_011_INC-D3","EC_011","INC-D3",270.2,6.65,21.5,219.742,874.603,"RATE_005",0.418,0.105,7.09,3.66,13.12,0.54,0.28,52.1,44.84,207.48,21.6,29,25.7,76.3,0,23.7,6.9868,0.26
"EC_011_INC-D4","EC_011","INC-D4",264.9,6.75,21.5,217.954,867.487,"RATE_005",0.838,0.21,7.09,2.16,13.12,0.54,0.16,52.1,51.04,260.75,21.6,29,25.7,76.3,0,23.7,6.9868,0.38
"EC_011_INC-D5","EC_011","INC-D5",260.4,6.73,21.7,191.632,764.767,"RATE_005",0.682,0.171,7.07,3.07,13.09,0.54,0.23,52.12,47.48,251.62,21.6,29,25.7,76.3,0,23.7,6.9868,0.31
"EC_012_INC-D1","EC_012","INC-D1",289.6,6.71,21.7,115.406,538.425,"RATE_005; RATE_CV_050",3.467,0.743,8.97,5.04,11.3,0.79,0.45,52.72,49.66,142.8,27.1,24.4,37.3,88.8,0,11.2,10.584,0.34
"EC_012_INC-D2","EC_012","INC-D2",267.9,6.88,21.7,140.551,660.79,"RATE_005; RATE_CV_050",2.622,0.558,8.91,4.63,11.22,0.79,0.41,52.75,63.02,223.88,27.1,24.4,37.3,88.8,0,11.2,10.584,0.38
"EC_012_INC-D3","EC_012","INC-D3",280.2,6.74,21.6,122,568.578,"RATE_005; RATE_CV_050",3.058,0.656,8.97,4.83,11.31,0.79,0.43,52.71,53.59,281.02,27.1,24.4,37.3,88.8,0,11.2,10.584,0.36
"EC_012_INC-D4","EC_012","INC-D4",283.6,6.79,21,156.149,729.156,"RATE_005; RATE_CV_050",1.904,0.408,8.96,4.46,11.29,0.79,0.39,52.72,15.12,52.43,27.1,24.4,37.3,88.8,0,11.2,10.584,0.4
"EC_013_INC-D1","EC_013","INC-D1",426.8,7.33,21.9,3.792,20.345,"RATE_CV_050",0.701,0.131,10.07,8.61,9.9,1.02,0.87,53.17,5.83,20.23,5.5,4.1,82,91.6,1.2,7.2,5.57266666666667,0.15
"EC_013_INC-D2","EC_013","INC-D2",427.7,7.2,22,1.985,10.627,"RATE_CV_050",1.156,0.216,10.09,8.8,9.92,1.02,0.89,53.16,8.04,22.09,5.5,4.1,82,91.6,1.2,7.2,5.57266666666667,0.13
"EC_013_INC-D3","EC_013","INC-D3",437.4,7.16,21.7,1.612,8.649,"RATE_CV_050",1.268,0.236,10.07,8.67,9.91,1.02,0.88,53.17,1.77,5.47,5.5,4.1,82,91.6,1.2,7.2,5.57266666666667,0.14
"EC_013_INC-D5","EC_013","INC-D5",433.7,7.3,21.4,5.181,27.77,"RATE_CV_050; RATE_OUTLIER_000",1.377,0.257,10.08,8.8,9.92,1.02,0.89,53.17,6.25,13.9,5.5,4.1,82,91.6,1.2,7.2,5.57266666666667,0.13
"EC_013_INC-W1","EC_013","INC-W1",438.9,7.32,21.4,16.143,86.612,"N/A",1.236,0.23,13.07,13.07,9.91,1.32,1.32,53.17,5.66,14.88,5.5,4.1,82,91.6,1.2,7.2,5.57266666666667,0
"EC_013_INC-W2","EC_013","INC-W2",446.2,6.99,21.5,18.505,98.848,"N/A",1.389,0.26,13.07,13.07,9.94,1.31,1.31,53.15,13.81,48.78,5.5,4.1,82,91.6,1.2,7.2,5.57266666666667,0
"EC_013_INC-W3","EC_013","INC-W3",439.6,7.64,21.2,8.232,44.025,"N/A",1.266,0.237,13.04,13.04,9.93,1.31,1.31,53.16,7.05,19.55,5.5,4.1,82,91.6,1.2,7.2,5.57266666666667,0
"EC_013_INC-W4","EC_013","INC-W4",435.8,7.09,21.3,13.174,70.527,"N/A",1.224,0.229,13.01,13,9.92,1.31,1.31,53.16,14.7,39.17,5.5,4.1,82,91.6,1.2,7.2,5.57266666666667,0
"EC_014_INC-D1","EC_014","INC-D1",129.2,6.84,21,0.285,1.189,"N/A",0.942,0.226,7.63,6.4,12.44,0.61,0.51,51.97,16.93,49.82,6.7,41.8,43.5,92,2.7,5.3,5.241,0.1
"EC_014_INC-D2","EC_014","INC-D2",125.3,7,21.1,0.432,1.805,"N/A",1.014,0.243,7.62,6.56,12.42,0.61,0.53,51.98,20.73,59.84,6.7,41.8,43.5,92,2.7,5.3,5.241,0.08
"EC_014_INC-D3","EC_014","INC-D3",133.2,6.71,20.9,0.272,1.137,"N/A",0.724,0.173,7.61,6.1,12.42,0.61,0.49,51.98,31.78,106.89,6.7,41.8,43.5,92,2.7,5.3,5.241,0.12
"EC_014_INC-D4","EC_014","INC-D4",127.8,6.5,21.1,0.335,1.401,"N/A",0.827,0.198,7.61,6.37,12.42,0.61,0.51,51.98,9.05,33.49,6.7,41.8,43.5,92,2.7,5.3,5.241,0.1
"EC_014_INC-D5","EC_014","INC-D5",126.1,6.49,21.1,0.305,1.278,"N/A",0.92,0.22,7.6,6.1,12.4,0.61,0.49,51.99,30.38,93.51,6.7,41.8,43.5,92,2.7,5.3,5.241,0.12
"EC_014_INC-W1","EC_014","INC-W1",103.1,6.26,21.2,0.358,1.497,"RATE_CV_050",0.7,0.167,10.57,10.57,12.42,0.85,0.85,51.98,4.12,15.26,6.7,41.8,43.5,92,2.7,5.3,5.241,0
"EC_014_INC-W2","EC_014","INC-W2",105.1,6.7,20.09,0.446,1.872,"RATE_CV_050",0.761,0.181,10.57,10.56,12.38,0.85,0.85,52,4.71,15.2,6.7,41.8,43.5,92,2.7,5.3,5.241,0
"EC_014_INC-W3","EC_014","INC-W3",104.6,7.07,21.1,136.324,570.541,"RATE_005; RATE_CV_050",0.417,0.1,10.61,11.57,12.4,0.86,0.93,51.98,4.4,15.45,6.7,41.8,43.5,92,2.7,5.3,5.241,-0.0700000000000001
"EC_014_INC-W4","EC_014","INC-W4",103,6.89,21,137.274,571.993,"RATE_005; RATE_CV_050; RATE_OUTLIER_000",0.57,0.137,10.62,10.62,12.45,0.85,0.85,51.96,11.19,31.7,6.7,41.8,43.5,92,2.7,5.3,5.241,0
"EC_017_INC-D1","EC_017","INC-D1",280.7,6.41,20.7,0.429,1.362,"RATE_CV_050",0.217,0.068,4.02,1.67,15.89,0.25,0.11,50.41,6.66,25.84,5.9,18.8,70.2,94.9,3.8,1.3,14.8885,0.14
"EC_017_INC-D2","EC_017","INC-D2",280.8,5.87,20.8,0,0,"RATE_CV_050; RATE_OUTLIER_000",0.161,0.051,4.03,1.73,15.93,0.25,0.11,50.39,7.66,24.07,5.9,18.8,70.2,94.9,3.8,1.3,14.8885,0.14
"EC_017_INC-D3","EC_017","INC-D3",276.3,6.19,20.8,0.337,1.062,"RATE_CV_050",0.00315009380863039,0.001,4.05,1.86,15.99,0.25,0.12,50.37,7.69,21,5.9,18.8,70.2,94.9,3.8,1.3,14.8885,0.13
"EC_017_INC-D4","EC_017","INC-D4",279.6,6.29,20.8,0.108,0.343,"RATE_CV_050",0.0031724354940214,0.001,4.03,1.84,15.89,0.25,0.12,50.41,7.82,21.53,5.9,18.8,70.2,94.9,3.8,1.3,14.8885,0.13
"EC_017_INC-D5","EC_017","INC-D5",279.6,6.11,20.6,5.228,16.408,"RATE_CV_050; RATE_OUTLIER_000",0.269,0.086,4.06,1.88,16.05,0.25,0.12,50.34,6.33,22.19,5.9,18.8,70.2,94.9,3.8,1.3,14.8885,0.13
"EC_017_INC-W1","EC_017","INC-W1",291.9,8.66,20.8,1.347,4.272,"N/A",0.375,0.118,8.49,8.49,15.9,0.53,0.53,50.4,7.27,24.05,5.9,18.8,70.2,94.9,3.8,1.3,14.8885,0
"EC_017_INC-W2","EC_017","INC-W2",280.5,6.93,20.8,0.801,2.534,"N/A",0.361,0.114,8.52,8.52,15.94,0.53,0.53,50.39,8.29,28.13,5.9,18.8,70.2,94.9,3.8,1.3,14.8885,0
"EC_017_INC-W3","EC_017","INC-W3",280.7,6.6,20.6,0.756,2.378,"N/A",0.362,0.115,8.55,8.55,16.02,0.53,0.53,50.35,7.82,25.42,5.9,18.8,70.2,94.9,3.8,1.3,14.8885,0
"EC_017_INC-W4","EC_017","INC-W4",279.6,6.46,20.7,0.569,1.805,"N/A",0.301,0.095,8.53,8.53,15.9,0.54,0.54,50.4,9.85,26.46,5.9,18.8,70.2,94.9,3.8,1.3,14.8885,0
"EC_017_INC-W5","EC_017","INC-W5",279.2,6.41,20.7,0.693,2.195,"N/A",0.369,0.116,8.58,8.58,15.92,0.54,0.54,50.39,8.51,27.25,5.9,18.8,70.2,94.9,3.8,1.3,14.8885,0
"EC_018_INC-D1","EC_018","INC-D1",538.3,6.64,21,0.099,0.382,"RATE_CV_050; RATE_OUTLIER_000",0.00386452095808383,0.001,6.64,5.57,13.36,0.5,0.42,51.63,0.95,2.48,2.7,4.5,91.6,98.8,1.2,0,2.19533333333333,0.08
"EC_018_INC-D2","EC_018","INC-D2",534.1,6.59,20.09,0,0,"RATE_CV_050",0.14,0.036,6.64,5.64,13.37,0.5,0.42,51.63,1.83,4.24,2.7,4.5,91.6,98.8,1.2,0,2.19533333333333,0.08
"EC_018_INC-D3","EC_018","INC-D3",535.7,6.64,21.2,0,0,"RATE_CV_050",0.00387106446776612,0.001,6.63,5.6,13.34,0.5,0.42,51.64,1.1,2.7,2.7,4.5,91.6,98.8,1.2,0,2.19533333333333,0.08
"EC_018_INC-D4","EC_018","INC-D4",541.9,6.79,21.1,0,0,"RATE_CV_050",0.00386526946107784,0.001,6.63,5.68,13.36,0.5,0.43,51.64,1.86,3.71,2.7,4.5,91.6,98.8,1.2,0,2.19533333333333,0.07
"EC_018_INC-D5","EC_018","INC-D5",571.6,6.45,21,0,0,"RATE_CV_050",0.148,0.038,6.64,5.53,13.38,0.5,0.41,51.63,1.47,3,2.7,4.5,91.6,98.8,1.2,0,2.19533333333333,0.09
"EC_018_INC-W1","EC_018","INC-W1",525.8,6.2,21.6,0.271,1.048,"RATE_CV_050",0.141,0.037,9.61,9.61,13.34,0.72,0.72,51.65,1.06,2.13,2.7,4.5,91.6,98.8,1.2,0,2.19533333333333,0
"EC_018_INC-W2","EC_018","INC-W2",536.8,6.2,21.1,0.463,1.793,"RATE_CV_050",0.132,0.034,9.61,9.6,13.33,0.72,0.72,51.65,2.37,4.41,2.7,4.5,91.6,98.8,1.2,0,2.19533333333333,0
"EC_018_INC-W3","EC_018","INC-W3",533.1,6.51,20.4,132.996,514.065,"RATE_CV_050; RATE_OUTLIER_000",0.141,0.036,9.67,9.67,13.35,0.72,0.72,51.64,1.12,2.4,2.7,4.5,91.6,98.8,1.2,0,2.19533333333333,0
"EC_018_INC-W4","EC_018","INC-W4",527.5,6.4,20.9,0.466,1.797,"RATE_CV_050",0.134,0.035,9.54,9.54,13.38,0.71,0.71,51.63,0.63,1.69,2.7,4.5,91.6,98.8,1.2,0,2.19533333333333,0
"EC_018_INC-W5","EC_018","INC-W5",527.2,6.69,21.02,0.201,0.776,"RATE_CV_050",0.00386526946107784,0.001,9.63,9.59,13.36,0.72,0.72,51.64,0.85,2.15,2.7,4.5,91.6,98.8,1.2,0,2.19533333333333,0
"EC_021_INC-D1","EC_021","INC-D1",1186,7.37,20.8,0,0,"RATE_CV_050",0.124,0.039,4.1,2.34,15.99,0.26,0.15,50.36,3.52,11.3,9,37.1,50,96.1,3.9,0,5.958,0.11
"EC_021_INC-D2","EC_021","INC-D2",1183,7.49,20.7,0,0,"RATE_CV_050",0.132,0.042,4.1,2.19,15.97,0.26,0.14,50.36,2.84,8.86,9,37.1,50,96.1,3.9,0,5.958,0.12
"EC_021_INC-D3","EC_021","INC-D3",1185,7.42,20.8,0,0,"RATE_CV_050",0.147,0.046,4.08,2.43,15.89,0.26,0.15,50.4,2.67,8.6,9,37.1,50,96.1,3.9,0,5.958,0.11
"EC_021_INC-D4","EC_021","INC-D4",1161,7.51,21,0.331,1.072,"RATE_CV_050; RATE_OUTLIER_000",0.113,0.035,4.02,2.1,15.64,0.26,0.13,50.5,1.85,5.96,9,37.1,50,96.1,3.9,0,5.958,0.13
"EC_021_INC-D5","EC_021","INC-D5",1185,7.46,21,0.519,1.651,"RATE_CV_050; RATE_OUTLIER_000",0.125,0.039,4.08,2.07,15.88,0.26,0.13,50.4,1.4,4.87,9,37.1,50,96.1,3.9,0,5.958,0.13
"EC_021_INC-W1","EC_021","INC-W1",1190,8,20.6,0.168,0.532,"RATE_CV_050",0.00315799373040752,0.001,12.61,12.61,15.95,0.79,0.79,50.37,3.74,11.62,9,37.1,50,96.1,3.9,0,5.958,0
"EC_021_INC-W2","EC_021","INC-W2",1157,7.62,20.9,0.15,0.476,"RATE_CV_050",0.058,0.018,9.11,9.11,15.93,0.57,0.57,50.38,3.43,10.27,9,37.1,50,96.1,3.9,0,5.958,0
"EC_021_INC-W3","EC_021","INC-W3",1157,7.46,20.9,1.143,3.64,"RATE_CV_050; RATE_OUTLIER_000",0.091,0.029,9.11,9.11,15.87,0.57,0.57,50.41,2.19,7.08,9,37.1,50,96.1,3.9,0,5.958,0
"EC_021_INC-W4","EC_021","INC-W4",1163,7.58,20.7,0.12,0.381,"RATE_CV_050",0.127,0.04,9.03,9.03,15.92,0.57,0.57,50.39,2.78,8.93,9,37.1,50,96.1,3.9,0,5.958,0
"EC_021_INC-W5","EC_021","INC-W5",1143,7.4,20.1,0.662,2.103,"RATE_CV_050; RATE_OUTLIER_000",0.123,0.039,9.06,9.06,15.9,0.57,0.57,50.39,2.21,7.72,9,37.1,50,96.1,3.9,0,5.958,0
"EC_022_INC-D1","EC_022","INC-D1",80.29,6.59,21.5,0.496,1.606,"N/A",0.395,0.122,4.33,2.56,15.67,0.28,0.16,50.64,14.75,43.08,12.7,54,24.5,91.2,2.7,6.1,31.5736666666667,0.12
"EC_022_INC-D2","EC_022","INC-D2",87.94,6.54,21.7,0.231,0.754,"N/A",0.474,0.145,4.31,2.62,15.56,0.28,0.17,50.69,17.1,62.09,12.7,54,24.5,91.2,2.7,6.1,31.5736666666667,0.11
"EC_022_INC-D3","EC_022","INC-D3",87.03,6.53,21.6,0.187,0.61,"N/A",0.441,0.135,4.31,2.45,15.57,0.28,0.16,50.68,9.21,36.06,12.7,54,24.5,91.2,2.7,6.1,31.5736666666667,0.12
"EC_022_INC-D4","EC_022","INC-D4",88.78,6.55,21.1,0.301,0.97,"N/A",0.461,0.143,4.35,2.39,15.73,0.28,0.15,50.62,30.39,118.17,12.7,54,24.5,91.2,2.7,6.1,31.5736666666667,0.13
"EC_022_INC-D5","EC_022","INC-D5",46.98,6.61,21.4,0.259,0.842,"INC_003",0.428,0.132,4.32,2.36,15.62,0.28,0.15,50.66,9.68,32.86,12.7,54,24.5,91.2,2.7,6.1,31.5736666666667,0.13
"EC_022_INC-W1","EC_022","INC-W1",83.39,7.86,20.7,8.908,28.904,"RATE_CV_050",0.863,0.266,8.32,8.31,15.63,0.53,0.53,50.65,10.42,42.85,12.7,54,24.5,91.2,2.7,6.1,31.5736666666667,0
"EC_022_INC-W2","EC_022","INC-W2",70.91,7.64,21.1,4.843,15.648,"RATE_CV_050",0.352,0.109,8.23,8.23,15.7,0.52,0.52,50.63,9.53,34.31,12.7,54,24.5,91.2,2.7,6.1,31.5736666666667,0
"EC_022_INC-W3","EC_022","INC-W3",71.7,6.81,21,99.795,323.392,"RATE_005; RATE_CV_050; RATE_OUTLIER_000",0.807,0.249,8.22,8.22,15.66,0.53,0.53,50.65,8.25,30.93,12.7,54,24.5,91.2,2.7,6.1,31.5736666666667,0
"EC_022_INC-W4","EC_022","INC-W4",73.32,6.76,20.8,5.137,16.633,"RATE_CV_050",0.81,0.25,8.22,8.22,15.67,0.52,0.52,50.64,19.32,67.14,12.7,54,24.5,91.2,2.7,6.1,31.5736666666667,0
"EC_022_INC-W5","EC_022","INC-W5",72.09,6.62,21.3,11.869,38.43,"RATE_CV_050",0.788,0.243,8.25,8.25,15.67,0.53,0.53,50.64,30.31,131.68,12.7,54,24.5,91.2,2.7,6.1,31.5736666666667,0
"EC_024_INC-D1","EC_024","INC-D1",238.4,6.42,21.5,0,0,"N/A",0.036,0.013,2.87,1.42,17.2,0.17,0.08,49.86,9.8,37.74,4.2,8.7,83.6,96.5,3.4,0.1,4.797,0.09
"EC_024_INC-D2","EC_024","INC-D2",254.3,6.72,21.3,0,0,"N/A",0.11,0.038,2.86,1.32,17.14,0.17,0.08,49.89,14.12,52.22,4.2,8.7,83.6,96.5,3.4,0.1,4.797,0.09
"EC_024_INC-D3","EC_024","INC-D3",248.7,5.99,21.7,0,0,"N/A",0.117,0.04,2.86,1.26,17.18,0.17,0.07,49.88,18.85,74.18,4.2,8.7,83.6,96.5,3.4,0.1,4.797,0.1
"EC_024_INC-D4","EC_024","INC-D4",254.3,6.08,21.7,0,0,"N/A",0.093,0.032,2.85,1.49,17.12,0.17,0.09,49.9,15.33,50.55,4.2,8.7,83.6,96.5,3.4,0.1,4.797,0.08
"EC_024_INC-D5","EC_024","INC-D5",262.9,6.24,21.6,0,0,"N/A",0.00292442882249561,0.001,2.85,1.54,17.07,0.17,0.09,49.92,16.78,64.72,4.2,8.7,83.6,96.5,3.4,0.1,4.797,0.08
"EC_024_INC-W1","EC_024","INC-W1",226.9,6.3,21.7,4.103,11.929,"RATE_CV_050; RATE_OUTLIER_000",0.097,0.034,5.87,5.87,17.15,0.34,0.34,49.89,14.36,50.05,4.2,8.7,83.6,96.5,3.4,0.1,4.797,0
"EC_024_INC-W2","EC_024","INC-W2",223.2,6.43,21.5,1.146,3.354,"RATE_CV_050",0.149,0.051,5.87,5.87,17.06,0.34,0.34,49.93,11.82,42.5,4.2,8.7,83.6,96.5,3.4,0.1,4.797,0
"EC_024_INC-W3","EC_024","INC-W3",223.4,6.58,21.4,1.209,3.507,"RATE_CV_050",0.164,0.056,5.84,5.84,17.19,0.34,0.34,49.87,7.65,27.75,4.2,8.7,83.6,96.5,3.4,0.1,4.797,0
"EC_024_INC-W4","EC_024","INC-W4",225.5,6.82,21,1.564,4.52,"RATE_CV_050",0.138,0.048,5.85,5.84,17.25,0.34,0.34,49.85,26.77,97.92,4.2,8.7,83.6,96.5,3.4,0.1,4.797,0
"EC_024_INC-W5","EC_024","INC-W5",218.9,6.08,21.6,2.913,8.479,"RATE_CV_050",0.179,0.062,5.79,5.79,17.13,0.34,0.34,49.89,12.66,44.38,4.2,8.7,83.6,96.5,3.4,0.1,4.797,0
"EC_027_INC-D3","EC_027","INC-D3",1123,7.16,21.6,3.299,17.157,"RATE_CV_050",0.005211,0.001,10,7.14,10,1,0.71,52.11,3.99,34.67,46.5,25,1.1,72.6,15.7,11.7,34.066,0.29
"EC_027_INC-D4","EC_027","INC-D4",1117,7.12,22,109.808,571.748,"RATE_005; RATE_CV_050",0.686,0.132,10,7.13,10,1,0.71,52.12,3.3,11.96,46.5,25,1.1,72.6,15.7,11.7,34.066,0.29
"EC_027_INC-D5","EC_027","INC-D5",1037,7.03,21.8,7.881,40.945,"RATE_CV_050",0.401,0.077,10.02,7,10.02,1,0.7,52.11,2.09,4.6,46.5,25,1.1,72.6,15.7,11.7,34.066,0.3
"EC_027_INC-W1","EC_027","INC-W1",1097,6.44,21.4,182.577,950.641,"RATE_005",0.214,0.041,12.74,12.74,10,1.27,1.27,52.12,3.59,15.41,46.5,25,1.1,72.6,15.7,11.7,34.066,0
"EC_027_INC-W2","EC_027","INC-W2",1078,7.17,21.6,265.758,1385.131,"RATE_005",16.887,3.24,12.58,12.58,9.99,1.26,1.26,52.12,3.09,21.6,46.5,25,1.1,72.6,15.7,11.7,34.066,0
"EC_027_INC-W3","EC_027","INC-W3",1002,6.85,21.5,244.014,1271.801,"RATE_005",0.495,0.095,13.02,13.02,9.98,1.3,1.3,52.12,2.25,16.16,46.5,25,1.1,72.6,15.7,11.7,34.066,0
"EC_027_INC-W4","EC_027","INC-W4",1070,6.92,21.5,261.147,1356.767,"RATE_005",0.332,0.064,12.97,12.97,10.02,1.29,1.29,52.11,1.97,9.31,46.5,25,1.1,72.6,15.7,11.7,34.066,0
"EC_032_INC-D1","EC_032","INC-D1",607.9,7.09,19.7,221.433,1144.544,"RATE_005",0.843,0.163,10.56,6.92,10.12,1.04,0.68,52.36,6.19,73.62,6.6,1.1,1.1,8.8,20.6,70.6,95.555,0.36
"EC_032_INC-D2","EC_032","INC-D2",616.1,7.35,20.2,260.814,1408.074,"RATE_005",18.262,3.383,10.15,6.19,9.72,1.04,0.64,52.53,1.17,3.96,6.6,1.1,1.1,8.8,20.6,70.6,95.555,0.4
"EC_032_INC-D3","EC_032","INC-D3",669.4,7.45,19.6,185.851,994.426,"RATE_005",15.327,2.864,10.23,6.16,9.81,1.04,0.63,52.49,3.41,22.81,6.6,1.1,1.1,8.8,20.6,70.6,95.555,0.41
"EC_032_INC-D4","EC_032","INC-D4",642.1,7.51,19.5,238.136,1270.059,"RATE_005",19.011,3.565,10.26,7.36,9.83,1.04,0.75,52.48,5.69,35.41,6.6,1.1,1.1,8.8,20.6,70.6,95.555,0.29
"EC_032_INC-D5","EC_032","INC-D5",677.4,7.76,19.9,132.501,676.208,"RATE_005; INC_004",16.421,3.218,10.69,5.44,10.24,1.04,0.53,52.31,4.53,28.95,6.6,1.1,1.1,8.8,20.6,70.6,95.555,0.51
"EC_032_INC-W1","EC_032","INC-W1",603.7,6.74,19.8,265.923,1426.043,"RATE_005",1.708,0.318,14.22,14.2,9.79,1.45,1.45,52.5,7.29,72.55,6.6,1.1,1.1,8.8,20.6,70.6,95.555,0
"EC_032_INC-W2","EC_032","INC-W2",590.3,6.94,20.3,267.866,1442.905,"RATE_005",1.723,0.32,14.13,14.13,9.74,1.45,1.45,52.52,3.01,18.59,6.6,1.1,1.1,8.8,20.6,70.6,95.555,0
"EC_032_INC-W3","EC_032","INC-W3",589.5,7,19.9,266.952,1403.841,"RATE_005",1.504,0.286,14.38,14.37,9.97,1.44,1.44,52.43,2,12.19,6.6,1.1,1.1,8.8,20.6,70.6,95.555,0
"EC_032_INC-W4","EC_032","INC-W4",607.1,7.22,20.3,265,1384.447,"RATE_005",14.483,2.772,14.44,14.44,10.02,1.44,1.44,52.4,1.99,11.38,6.6,1.1,1.1,8.8,20.6,70.6,95.555,0
"EC_032_INC-W5","EC_032","INC-W5",601.5,7.3,20.2,269.748,1415.434,"RATE_005",10.723,2.044,14.46,14.45,9.98,1.45,1.45,52.42,5.62,41.35,6.6,1.1,1.1,8.8,20.6,70.6,95.555,0
"EC_033_INC-D1","EC_033","INC-D1",1181,7.62,20.9,0,0,"RATE_CV_050",0.101,0.032,4.07,2.24,15.88,0.26,0.14,50.6,2.99,7.86,0.8,6.2,92.1,99.1,0.9,0,5.349,0.12
"EC_033_INC-D2","EC_033","INC-D2",1157,7.57,20.6,0,0,"RATE_CV_050",0.113,0.036,4.1,2.19,15.97,0.26,0.14,50.55,1.62,4.57,0.8,6.2,92.1,99.1,0.9,0,5.349,0.12
"EC_033_INC-D3","EC_033","INC-D3",1176,7.36,20.9,0,0,"RATE_CV_050",0.057,0.018,4.09,2.25,15.94,0.26,0.14,50.57,1.69,4.88,0.8,6.2,92.1,99.1,0.9,0,5.349,0.12
"EC_033_INC-D4","EC_033","INC-D4",1169,7.62,20.8,0.18,0.57,"RATE_CV_050; RATE_OUTLIER_000",0.0031705329153605,0.001,4.09,2.33,15.95,0.26,0.15,50.57,1.25,3.75,0.8,6.2,92.1,99.1,0.9,0,5.349,0.11
"EC_033_INC-D5","EC_033","INC-D5",1189,7.66,20.9,0,0,"RATE_CV_050",0.1,0.031,4.07,1.81,15.88,0.26,0.11,50.6,1.48,3.68,0.8,6.2,92.1,99.1,0.9,0,5.349,0.15
"EC_033_INC-W1","EC_033","INC-W1",1155,7.7,20.8,0.034,0.108,"RATE_CV_050; RATE_OUTLIER_000",0.00319041614123581,0.001,9.23,9.23,15.86,0.58,0.58,50.6,1.14,3.15,0.8,6.2,92.1,99.1,0.9,0,5.349,0
"EC_033_INC-W2","EC_033","INC-W2",1131,7.67,21,0,0,"RATE_CV_050",0.00314766355140187,0.001,9.46,9.11,16.05,0.59,0.57,50.52,1.55,4.01,0.8,6.2,92.1,99.1,0.9,0,5.349,0.02
"EC_033_INC-W3","EC_033","INC-W3",1144,7.46,20.8,0,0,"RATE_CV_050",0.104,0.033,9.23,9.23,15.88,0.58,0.58,50.6,0.73,2.07,0.8,6.2,92.1,99.1,0.9,0,5.349,0
"EC_033_INC-W4","EC_033","INC-W4",1140,7.68,20.8,0,0,"RATE_CV_050",0.00314116915422886,0.001,9.31,9.31,16.08,0.58,0.58,50.51,0.61,1.77,0.8,6.2,92.1,99.1,0.9,0,5.349,0
"EC_033_INC-W5","EC_033","INC-W5",1137,7.63,20.7,0,0,"RATE_CV_050",0.093,0.029,9.16,9.82,15.8,0.58,0.62,50.63,0.75,2.12,0.8,6.2,92.1,99.1,0.9,0,5.349,-0.04
"EC_034_INC-D1","EC_034","INC-D1",494.9,6.5,20.9,1.368,4.717,"N/A",0.638,0.185,5.23,3.38,14.8,0.35,0.23,51,50.86,208.2,80.7,4,0.6,85.3,3.4,11.3,14.807,0.12
"EC_034_INC-D2","EC_034","INC-D2",500.8,6.45,21.7,1.323,4.556,"N/A",0.703,0.204,5.24,3.41,14.82,0.35,0.23,51,64.97,352.88,80.7,4,0.6,85.3,3.4,11.3,14.807,0.12
"EC_034_INC-D3","EC_034","INC-D3",479.3,6.3,20.7,1.093,3.778,"N/A",0.694,0.201,5.22,3.15,14.77,0.35,0.21,51.02,59.84,303.9,80.7,4,0.6,85.3,3.4,11.3,14.807,0.14
"EC_034_INC-D4","EC_034","INC-D4",489,6.85,21.7,1.113,3.868,"N/A",0.736,0.212,5.2,2.85,14.7,0.35,0.19,51.05,61.92,233.77,80.7,4,0.6,85.3,3.4,11.3,14.807,0.16
"EC_034_INC-D5","EC_034","INC-D5",481.6,7.22,20.6,1.866,6.434,"N/A",0.879,0.255,5.23,3.07,14.8,0.35,0.21,51,64.06,250.44,80.7,4,0.6,85.3,3.4,11.3,14.807,0.14
"EC_034_INC-W1","EC_034","INC-W1",415.5,6.7,21.9,224.555,771.416,"RATE_005",1.556,0.453,8.26,8.26,14.85,0.56,0.56,50.98,46.66,149.83,80.7,4,0.6,85.3,3.4,11.3,14.807,0
"EC_034_INC-W2","EC_034","INC-W2",409.6,6.57,21.8,258.728,892.944,"RATE_005",1.729,0.501,8.24,8.24,14.79,0.56,0.56,51.01,51.63,237.93,80.7,4,0.6,85.3,3.4,11.3,14.807,0
"EC_034_INC-W3","EC_034","INC-W3",419.5,6.45,21.7,206.353,712.665,"RATE_005",0.563,0.163,8.2,8.19,14.78,0.55,0.55,51.01,40.33,206.66,80.7,4,0.6,85.3,3.4,11.3,14.807,0
"EC_034_INC-W4","EC_034","INC-W4",423,6.42,21.7,252.83,866.045,"RATE_005",1.745,0.51,8.22,8.22,14.89,0.55,0.55,50.97,43.51,251.04,80.7,4,0.6,85.3,3.4,11.3,14.807,0
"EC_034_INC-W5","EC_034","INC-W5",403.4,6.42,21.1,243.593,843.893,"RATE_005",1.328,0.383,8.18,8.18,14.74,0.55,0.55,51.03,42.48,134.7,80.7,4,0.6,85.3,3.4,11.3,14.807,0
"EC_035_INC-D1","EC_035","INC-D1",279.8,7.14,20.1,265.215,1881.946,"RATE_005",2.264,0.319,12.45,13.55,7.62,1.63,1.78,54,28.98,84.24,28.4,62.3,3.5,94.2,2.5,3.3,17.1256666666667,-0.15
"EC_035_INC-D2","EC_035","INC-D2",261.7,7.06,19.8,268.682,1925.317,"RATE_005",2.505,0.35,12.33,10.48,7.55,1.63,1.39,54.03,17.01,59.41,28.4,62.3,3.5,94.2,2.5,3.3,17.1256666666667,0.24
"EC_035_INC-D3","EC_035","INC-D3",254.5,7.16,20,117.402,830.738,"RATE_005",0.884,0.125,12.48,8.5,7.64,1.63,1.11,53.99,16.77,60.06,28.4,62.3,3.5,94.2,2.5,3.3,17.1256666666667,0.52
"EC_035_INC-D4","EC_035","INC-D4",274.9,7.09,19.9,269.861,1917.433,"RATE_005",1.204,0.17,12.42,9.69,7.6,1.63,1.27,54,12.56,40.06,28.4,62.3,3.5,94.2,2.5,3.3,17.1256666666667,0.36
"EC_035_INC-D5","EC_035","INC-D5",274.9,6.86,18.8,262.968,1866.002,"RATE_005",3.619,0.51,12.44,9.72,7.62,1.63,1.28,54,19.2,68.76,28.4,62.3,3.5,94.2,2.5,3.3,17.1256666666667,0.35
"EC_035_INC-W1","EC_035","INC-W1",296.4,7.53,20.1,268.417,1904.667,"RATE_005",3.354,0.473,15.42,15.42,7.62,2.02,2.02,54,11.73,42.58,28.4,62.3,3.5,94.2,2.5,3.3,17.1256666666667,0
"EC_035_INC-W2","EC_035","INC-W2",282.8,7.11,20,274.839,1947.317,"RATE_005",2.736,0.386,15.45,15.45,7.63,2.03,2.03,53.99,14.2,56.91,28.4,62.3,3.5,94.2,2.5,3.3,17.1256666666667,0
"EC_035_INC-W3","EC_035","INC-W3",272.9,7.14,19.9,264.923,1882.348,"RATE_005",1.783,0.251,15.37,15.37,7.6,2.02,2.02,54,24.36,77.09,28.4,62.3,3.5,94.2,2.5,3.3,17.1256666666667,0
"EC_035_INC-W4","EC_035","INC-W4",283.5,7.07,20.1,276.469,1956.299,"RATE_005",3.325,0.47,15.43,15.43,7.63,2.02,2.02,53.99,26.26,78.15,28.4,62.3,3.5,94.2,2.5,3.3,17.1256666666667,0
"EC_035_INC-W5","EC_035","INC-W5",285.5,7.03,19.9,270.133,1916.844,"RATE_005",2.22,0.313,15.41,15.41,7.62,2.02,2.02,54,30.33,97.05,28.4,62.3,3.5,94.2,2.5,3.3,17.1256666666667,0
"EC_037_INC-D1","EC_037","INC-D1",361.1,6.34,21.1,2.084,6.052,"RATE_CV_050; RATE_OUTLIER_000",0.136,0.047,2.7,1.06,17.21,0.16,0.06,49.95,6.4,20.28,3.7,4.7,89.3,97.7,2.3,0,5.7255,0.1
"EC_037_INC-D2","EC_037","INC-D2",358.6,6.28,21.4,1.616,4.665,"RATE_CV_050; RATE_OUTLIER_000",0.146,0.051,2.71,1.08,17.31,0.16,0.06,49.91,4.2,11.48,3.7,4.7,89.3,97.7,2.3,0,5.7255,0.1
"EC_037_INC-D3","EC_037","INC-D3",363.8,6.72,20.9,1.517,4.365,"RATE_CV_050",0.139,0.048,2.72,0.81,17.36,0.16,0.05,49.89,2.99,9.07,3.7,4.7,89.3,97.7,2.3,0,5.7255,0.11
"EC_037_INC-D4","EC_037","INC-D4",367.1,6.57,21.2,0.469,1.347,"RATE_CV_050",0.095,0.033,2.72,1.01,17.39,0.16,0.06,49.88,8.16,27.9,3.7,4.7,89.3,97.7,2.3,0,5.7255,0.1
"EC_037_INC-D5","EC_037","INC-D5",366.9,6.69,20.8,0.558,1.623,"RATE_CV_050",0.154,0.053,2.69,0.89,17.2,0.16,0.05,49.96,15.13,42.7,3.7,4.7,89.3,97.7,2.3,0,5.7255,0.11
"EC_037_INC-W1","EC_037","INC-W1",361.3,7.01,20.7,1.867,5.354,"N/A",0.257,0.089,7.61,7.61,17.4,0.44,0.44,49.87,1.74,6.56,3.7,4.7,89.3,97.7,2.3,0,5.7255,0
"EC_037_INC-W2","EC_037","INC-W2",353,6.61,21,1.771,5.062,"N/A",0.183,0.064,7.66,7.66,17.46,0.44,0.44,49.85,2.69,7.94,3.7,4.7,89.3,97.7,2.3,0,5.7255,0
"EC_037_INC-W3","EC_037","INC-W3",352.2,6.86,21.2,4.405,12.835,"N/A",0.182,0.062,7.65,7.65,17.17,0.45,0.45,49.97,6.31,19.85,3.7,4.7,89.3,97.7,2.3,0,5.7255,0
"EC_037_INC-W4","EC_037","INC-W4",351,6.63,20.7,1.943,5.524,"N/A",0.225,0.079,7.76,7.76,17.53,0.44,0.44,49.81,5.77,16.68,3.7,4.7,89.3,97.7,2.3,0,5.7255,0
"EC_037_INC-W5","EC_037","INC-W5",361.3,6.43,20.1,4.434,12.491,"N/A ",0.2,0.071,7.78,7.78,17.68,0.44,0.44,49.75,5.92,20.17,3.7,4.7,89.3,97.7,2.3,0,5.7255,0
"EC_038_INC-D1","EC_038","INC-D1",162.1,6.48,20.9,0.449,1.386,"N/A",0.379,0.123,3.8,2.32,16.3,0.23,0.14,50.33,7.36,24.25,5.2,12.1,80.5,97.8,2.2,0,6.034,0.09
"EC_038_INC-D2","EC_038","INC-D2",153.6,6.84,20.8,0.335,1.03,"N/A",0.402,0.131,3.82,1.83,16.35,0.23,0.11,50.31,9.91,33.4,5.2,12.1,80.5,97.8,2.2,0,6.034,0.12
"EC_038_INC-D3","EC_038","INC-D3",148.3,6.88,20.9,0.209,0.66,"N/A",0.608,0.193,3.73,1.99,15.98,0.23,0.12,50.46,5.49,18.38,5.2,12.1,80.5,97.8,2.2,0,6.034,0.11
"EC_038_INC-D4","EC_038","INC-D4",171.5,6.52,20.1,0.242,0.742,"N/A",0.502,0.164,3.83,1.95,16.39,0.23,0.12,50.29,8.34,28.42,5.2,12.1,80.5,97.8,2.2,0,6.034,0.11
"EC_038_INC-D5","EC_038","INC-D5",163.5,6.53,21.3,0.372,1.166,"N/A",0.516,0.165,3.75,1.98,16.08,0.23,0.12,50.42,8.51,25.03,5.2,12.1,80.5,97.8,2.2,0,6.034,0.11
"EC_038_INC-W1","EC_038","INC-W1",148.4,6.65,20.9,5.415,16.652,"RATE_CV_050",0.465,0.151,8.86,8.86,16.35,0.54,0.54,50.31,11.65,29.73,5.2,12.1,80.5,97.8,2.2,0,6.034,0
"EC_038_INC-W2","EC_038","INC-W2",157.9,6.93,20.9,14.654,45.92,"RATE_CV_050; RATE_OUTLIER_000",0.553,0.177,8.75,8.75,16.08,0.54,0.54,50.42,34.92,89.94,5.2,12.1,80.5,97.8,2.2,0,6.034,0
"EC_038_INC-W3","EC_038","INC-W3",141.3,7.01,20.9,5.403,16.779,"RATE_CV_050",0.463,0.149,8.77,8.77,16.21,0.54,0.54,50.37,16.02,57.15,5.2,12.1,80.5,97.8,2.2,0,6.034,0
"EC_038_INC-W4","EC_038","INC-W4",146.1,6.57,21.3,12.213,38.271,"RATE_CV_050",0.486,0.155,8.76,8.76,16.08,0.54,0.54,50.42,12.99,33.48,5.2,12.1,80.5,97.8,2.2,0,6.034,0
"EC_038_INC-W5","EC_038","INC-W5",139.9,6.75,20.9,109.76,341.762,"RATE_005; RATE_CV_050; RATE_OUTLIER_000",0.684,0.22,8.77,8.77,16.18,0.54,0.54,50.38,9.57,31.48,5.2,12.1,80.5,97.8,2.2,0,6.034,0
"EC_039_INC-D1","EC_039","INC-D1",527.9,7.74,20.6,0,0,"N/A",0.131,0.04,4.59,1.95,15.46,0.3,0.13,50.62,5.93,15.85,3.7,25.3,67.9,96.9,3.1,0,5.336,0.17
"EC_039_INC-D2","EC_039","INC-D2",525.6,7.74,20.6,0,0,"N/A",0.112,0.034,4.55,2.7,15.35,0.3,0.18,50.67,5.53,14.81,3.7,25.3,67.9,96.9,3.1,0,5.336,0.12
"EC_039_INC-D3","EC_039","INC-D3",521.5,7.46,20.4,0,0,"N/A",0.118,0.036,4.59,2.73,15.47,0.3,0.18,50.62,4.04,13.09,3.7,25.3,67.9,96.9,3.1,0,5.336,0.12
"EC_039_INC-D4","EC_039","INC-D4",532.9,7.69,20.3,0,0,"N/A",0.106,0.034,4.79,2.6,16.14,0.3,0.16,50.33,5.83,16.92,3.7,25.3,67.9,96.9,3.1,0,5.336,0.14
"EC_039_INC-D5","EC_039","INC-D5",524.5,7.32,20.3,0,0,"N/A",0.099,0.03,4.58,2.59,15.46,0.3,0.17,50.62,4.57,13.06,3.7,25.3,67.9,96.9,3.1,0,5.336,0.13
"EC_039_INC-W1","EC_039","INC-W1",514.7,7.04,20.5,0.658,2.131,"RATE_CV_050",0.111,0.034,6.61,6.61,15.61,0.42,0.42,50.56,7.61,28.05,3.7,25.3,67.9,96.9,3.1,0,5.336,0
"EC_039_INC-W2","EC_039","INC-W2",506.2,7.16,20.5,8.443,27.888,"RATE_CV_050; RATE_OUTLIER_000",0.126,0.038,6.53,6.53,15.35,0.43,0.43,50.67,8.19,25.21,3.7,25.3,67.9,96.9,3.1,0,5.336,0
"EC_039_INC-W3","EC_039","INC-W3",499.9,7.45,20.2,0.418,1.372,"RATE_CV_050",0.00328127025275437,0.001,6.55,6.55,15.43,0.42,0.42,50.63,5.95,18.9,3.7,25.3,67.9,96.9,3.1,0,5.336,0
"EC_039_INC-W4","EC_039","INC-W4",512.2,7.47,20.2,0.526,1.715,"RATE_CV_050",0.00326030927835052,0.001,6.61,6.61,15.52,0.43,0.43,50.6,4.78,14.27,3.7,25.3,67.9,96.9,3.1,0,5.336,0
"EC_039_INC-W5","EC_039","INC-W5",486.8,7.61,20.4,10.591,34.552,"RATE_CV_050; RATE_OUTLIER_000",0.131,0.04,6.6,6.6,15.52,0.43,0.43,50.6,4.48,13.78,3.7,25.3,67.9,96.9,3.1,0,5.336,0
"EC_040_INC-D1","EC_040","INC-D1",528.2,7.52,20.1,0.791,2.871,"RATE_CV_050; RATE_OUTLIER_000",12.142,3.345,6.42,2.56,13.97,0.46,0.18,50.64,2.08,18.16,35.7,1.8,3.8,41.3,17.7,41,68.869,0.28
"EC_040_INC-D2","EC_040","INC-D2",534.3,7.35,19.7,0.273,0.993,"RATE_CV_050",2.066,0.568,6.41,2.2,13.94,0.46,0.16,50.65,2.04,16.64,35.7,1.8,3.8,41.3,17.7,41,68.869,0.3
"EC_040_INC-D3","EC_040","INC-D3",544,7.27,20.1,0.247,0.9,"RATE_CV_050",2.121,0.582,6.4,2.44,13.92,0.46,0.18,50.66,1.84,9.1,35.7,1.8,3.8,41.3,17.7,41,68.869,0.28
"EC_040_INC-D4","EC_040","INC-D4",542.2,7.5,19.9,0.279,1.014,"RATE_CV_050",9.425,2.592,6.41,2.55,13.95,0.46,0.18,50.65,2.77,14.7,35.7,1.8,3.8,41.3,17.7,41,68.869,0.28
"EC_040_INC-D5","EC_040","INC-D5",526,7.54,19.9,0.441,1.629,"RATE_CV_050",5.593,1.514,6.32,2.43,13.75,0.46,0.18,50.73,2.05,10.34,35.7,1.8,3.8,41.3,17.7,41,68.869,0.28
"EC_040_INC-W1","EC_040","INC-W1",486.1,7.45,20,208.29,769.596,"RATE_005",12.311,3.332,9.1,9.1,13.75,0.66,0.66,50.73,1.44,13.09,35.7,1.8,3.8,41.3,17.7,41,68.869,0
"EC_040_INC-W2","EC_040","INC-W2",502.3,7.17,19.9,246.264,899.654,"RATE_005",12.516,3.426,8.96,8.96,13.89,0.65,0.65,50.67,1.18,7.8,35.7,1.8,3.8,41.3,17.7,41,68.869,0
"EC_040_INC-W3","EC_040","INC-W3",479.2,7.3,19.9,233.337,860.091,"RATE_005",4.919,1.334,9.14,9.14,13.78,0.66,0.66,50.72,1.41,14.45,35.7,1.8,3.8,41.3,17.7,41,68.869,0
"EC_040_INC-W4","EC_040","INC-W4",499.9,7.28,20.3,256.415,946.72,"RATE_005",13.628,3.691,9.14,9.13,13.75,0.66,0.66,50.73,1.1,7.99,35.7,1.8,3.8,41.3,17.7,41,68.869,0
"EC_040_INC-W5","EC_040","INC-W5",494.8,7.35,20.2,169.462,622.138,"RATE_005",14.079,3.835,9.21,9.21,13.83,0.67,0.67,50.7,1.64,13.42,35.7,1.8,3.8,41.3,17.7,41,68.869,0
"EC_041_INC-D1","EC_041","INC-D1",234.7,7.39,20.3,6.566,24.51,"RATE_CV_050",0.433,0.116,6.27,4.21,13.74,0.46,0.31,51.29,8.67,33.69,7.2,31.9,55,94.1,4.1,1.8,11.21,0.15
"EC_041_INC-D2","EC_041","INC-D2",217.8,7.52,20.7,0.838,3.113,"RATE_CV_050; RATE_OUTLIER_000",0.19,0.051,6.3,2.56,13.79,0.46,0.19,51.26,14.53,57.08,7.2,31.9,55,94.1,4.1,1.8,11.21,0.27
"EC_041_INC-D3","EC_041","INC-D3",231.5,7.35,20.5,6.963,25.907,"RATE_CV_050",0.428,0.115,6.29,4.15,13.78,0.46,0.3,51.27,22.7,84.69,7.2,31.9,55,94.1,4.1,1.8,11.21,0.16
"EC_041_INC-D4","EC_041","INC-D4",225.5,7.4,20.7,4.031,15.072,"RATE_CV_050",0.436,0.117,6.26,3.42,13.71,0.46,0.25,51.3,4.85,15.99,7.2,31.9,55,94.1,4.1,1.8,11.21,0.21
"EC_041_INC-D5","EC_041","INC-D5",227.3,7.12,20.5,0.66,2.464,"RATE_CV_050; RATE_OUTLIER_000",0.282,0.076,6.27,3.31,13.73,0.46,0.24,51.29,2.5,9.59,7.2,31.9,55,94.1,4.1,1.8,11.21,0.22
"EC_041_INC-W1","EC_041","INC-W1",258.6,7.44,20,142.104,528.714,"RATE_005",0.462,0.124,9.77,9.77,13.77,0.71,0.71,51.27,50.95,270.4,7.2,31.9,55,94.1,4.1,1.8,11.21,0
"EC_041_INC-W2","EC_041","INC-W2",249.9,7.23,20.7,157.769,586.571,"RATE_005",0.483,0.13,9.77,9.77,13.78,0.71,0.71,51.27,35.9,117.71,7.2,31.9,55,94.1,4.1,1.8,11.21,0
"EC_041_INC-W3","EC_041","INC-W3",254.2,7.23,19.9,133.324,497.685,"RATE_005",0.531,0.142,9.5,9.5,13.74,0.69,0.69,51.29,31.07,105.27,7.2,31.9,55,94.1,4.1,1.8,11.21,0
"EC_041_INC-W5","EC_041","INC-W5",236,7.23,20.4,105.325,391.873,"RATE_005; INC_002",0.366,0.099,10.3,10.31,13.78,0.75,0.75,51.27,18.47,54.75,7.2,31.9,55,94.1,4.1,1.8,11.21,0
"EC_042_INC-D1","EC_042","INC-D1",126,7.47,20.3,0.183,0.641,"RATE_CV_050",0.219,0.063,5.46,3.71,14.62,0.37,0.25,51.15,0.67,2.23,6.4,11.3,77,94.7,1.3,4,7.17733333333333,0.12
"EC_042_INC-D2","EC_042","INC-D2",110.6,7.42,20.2,0.393,1.382,"RATE_CV_050",0.207,0.059,5.43,3.62,14.56,0.37,0.25,51.18,0.64,2.34,6.4,11.3,77,94.7,1.3,4,7.17733333333333,0.12
"EC_042_INC-D3","EC_042","INC-D3",117.6,7.4,19.8,0.481,1.698,"RATE_CV_050",0.094,0.027,5.42,3.63,14.51,0.37,0.25,51.2,0.69,2.01,6.4,11.3,77,94.7,1.3,4,7.17733333333333,0.12
"EC_042_INC-D4","EC_042","INC-D4",120.4,7.39,20.7,5.319,18.752,"RATE_CV_050; RATE_OUTLIER_000",0.184,0.052,5.43,3.51,14.53,0.37,0.24,51.19,0.44,1.33,6.4,11.3,77,94.7,1.3,4,7.17733333333333,0.13
"EC_042_INC-D5","EC_042","INC-D5",112.2,7.36,20.2,0.37,1.304,"INC_004; RATE_CV_050",0.00352063273727648,0.001,5.43,3.91,14.54,0.37,0.27,51.19,0.3,1.04,6.4,11.3,77,94.7,1.3,4,7.17733333333333,0.1
"EC_042_INC-W1","EC_042","INC-W1",113.5,7.24,20.2,9.132,32.072,"RATE_CV_050; RATE_OUTLIER_000",0.241,0.069,8.41,8.41,14.58,0.58,0.58,51.17,0.99,2.26,6.4,11.3,77,94.7,1.3,4,7.17733333333333,0
"EC_042_INC-W2","EC_042","INC-W2",113.7,7.46,20.5,3.199,11.2,"RATE_CV_050",0.00349863201094391,0.001,8.45,8.45,14.62,0.58,0.58,51.15,0.79,2.18,6.4,11.3,77,94.7,1.3,4,7.17733333333333,0
"EC_042_INC-W3","EC_042","INC-W3",114.2,7.41,20.3,3.291,11.621,"RATE_CV_050",0.00353103448275862,0.001,8.4,8.4,14.5,0.58,0.58,51.2,0.85,2.46,6.4,11.3,77,94.7,1.3,4,7.17733333333333,0
"EC_042_INC-W4","EC_042","INC-W4",115.9,7.11,20.5,2.763,9.673,"RATE_CV_050",0.00350102669404517,0.001,8.45,8.45,14.61,0.58,0.58,51.15,0.55,1.57,6.4,11.3,77,94.7,1.3,4,7.17733333333333,0
"EC_042_INC-W5","EC_042","INC-W5",114.3,7.06,20.3,3.115,10.932,"RATE_CV_050",0.192,0.055,8.44,8.44,14.59,0.58,0.58,51.17,0.25,0.8,6.4,11.3,77,94.7,1.3,4,7.17733333333333,0
"EC_044_INC-D1","EC_044","INC-D1",129.4,5.7,20.7,0,0,"RATE_CV_050",0.145,0.047,3.55,1.22,16.4,0.22,0.07,50.28,15.4,58.4,12,23.3,59.7,95,2.6,2.4,9.6572,0.15
"EC_044_INC-D2","EC_044","INC-D2",125.4,5.42,20.7,0,0,"RATE_CV_050",0.157,0.051,3.55,1.2,16.39,0.22,0.07,50.28,17.53,58.62,12,23.3,59.7,95,2.6,2.4,9.6572,0.15
"EC_044_INC-D3","EC_044","INC-D3",129.6,5.29,20.9,0,0,"RATE_CV_050",0.168,0.055,3.57,1.25,16.45,0.22,0.08,50.26,13.92,40.69,12,23.3,59.7,95,2.6,2.4,9.6572,0.14
"EC_044_INC-D4","EC_044","INC-D4",42.01,5.44,20.9,0,0,"INC_003; RATE_CV_050",0.127,0.042,3.58,1.22,16.5,0.22,0.07,50.23,8.19,22.07,12,23.3,59.7,95,2.6,2.4,9.6572,0.15
"EC_044_INC-D5","EC_044","INC-D5",39.58,5.63,20.7,0.042,0.128,"INC_003; RATE_CV_050; RATE_OUTLIER_000",0.148,0.049,3.57,1.16,16.47,0.22,0.07,50.25,11.2,31.2,12,23.3,59.7,95,2.6,2.4,9.6572,0.15
"EC_044_INC-W1","EC_044","INC-W1",131.7,7.18,19.8,2.498,7.597,"RATE_CV_050",0.189,0.062,7.09,7.09,16.5,0.43,0.43,50.24,23.79,62.68,12,23.3,59.7,95,2.6,2.4,9.6572,0
"EC_044_INC-W2","EC_044","INC-W2",121.7,6.21,20.7,1.016,3.109,"RATE_CV_050",0.201,0.066,7.06,7.06,16.41,0.43,0.43,50.28,10.63,38.99,12,23.3,59.7,95,2.6,2.4,9.6572,0
"EC_044_INC-W3","EC_044","INC-W3",120.6,5.92,20.1,5.858,17.927,"RATE_CV_050; RATE_OUTLIER_000",0.225,0.073,7.07,7.07,16.41,0.43,0.43,50.28,21.06,54.43,12,23.3,59.7,95,2.6,2.4,9.6572,0
"EC_044_INC-W4","EC_044","INC-W4",122.4,5.88,20.7,9.288,28.326,"RATE_CV_050; RATE_OUTLIER_000",0.24,0.079,7.08,7.08,16.45,0.43,0.43,50.26,17.43,43.64,12,23.3,59.7,95,2.6,2.4,9.6572,0
"EC_044_INC-W5","EC_044","INC-W5",123.3,5.98,20.9,3.858,11.797,"RATE_CV_050",0.246,0.08,7.07,7.07,16.41,0.43,0.43,50.27,19.41,49.89,12,23.3,59.7,95,2.6,2.4,9.6572,0
"EC_051_INC-D1","EC_051","INC-D1",37.3,7.45,21.2,2.553,8.805,"RATE_003; RATE_CV_050; RATE_OUTLIER_000",0.579,0.168,5.32,3.49,14.76,0.36,0.24,50.94,35.28,131.36,6,6.6,72,84.6,4.3,11.1,64.1443333333333,0.12
"EC_051_INC-D2","EC_051","INC-D2",43.55,7.61,21.2,13.03,45.048,"RATE_003; RATE_CV_050; RATE_OUTLIER_000",0.263,0.076,5.3,3.55,14.74,0.36,0.24,50.96,40.85,137.48,6,6.6,72,84.6,4.3,11.1,64.1443333333333,0.12
"EC_051_INC-D3","EC_051","INC-D3",43.6,7.23,21.2,0.202,0.7,"RATE_003; RATE_CV_050",0.439,0.127,5.29,3.37,14.71,0.36,0.23,50.97,34.7,123.8,6,6.6,72,84.6,4.3,11.1,64.1443333333333,0.13
"EC_051_INC-D4","EC_051","INC-D4",41.98,7.23,21.2,0.241,0.832,"RATE_003; RATE_CV_050",0.563,0.163,5.31,3.3,14.75,0.36,0.22,50.95,44.46,158,6,6.6,72,84.6,4.3,11.1,64.1443333333333,0.14
"EC_051_INC-D5","EC_051","INC-D5",40.67,7.2,21.1,0.141,0.488,"RATE_003; RATE_CV_050",0.498,0.144,5.3,3.44,14.72,0.36,0.23,50.97,42.57,154.31,6,6.6,72,84.6,4.3,11.1,64.1443333333333,0.13
"EC_051_INC-W1","EC_051","INC-W1",53.91,7.6,20.7,1.433,4.954,"RATE_003; RATE_CV_050",0.748,0.216,9.35,9.35,14.74,0.63,0.63,50.96,31.78,124.67,6,6.6,72,84.6,4.3,11.1,64.1443333333333,0
"EC_051_INC-W2","EC_051","INC-W2",45.19,7.59,20.9,0.71,2.451,"RATE_003; RATE_CV_050",0.641,0.186,9.28,9.28,14.76,0.63,0.63,50.95,28.86,113.02,6,6.6,72,84.6,4.3,11.1,64.1443333333333,0
"EC_051_INC-W3","EC_051","INC-W3",44.63,7.75,20.8,0.672,2.332,"RATE_003; RATE_CV_050",0.573,0.165,9.29,9.29,14.69,0.63,0.63,50.98,43.2,155.07,6,6.6,72,84.6,4.3,11.1,64.1443333333333,0
"EC_051_INC-W4","EC_051","INC-W4",40.23,7.47,20.9,1.589,5.489,"RATE_003; RATE_CV_050",0.593,0.172,9.31,9.31,14.75,0.63,0.63,50.95,33.49,112.84,6,6.6,72,84.6,4.3,11.1,64.1443333333333,0
"EC_051_INC-W5","EC_051","INC-W5",39.76,7.19,21.1,8.997,31.078,"RATE_003; RATE_CV_050; RATE_OUTLIER_000",0.796,0.23,9.3,9.3,14.75,0.63,0.63,50.95,32.84,130.36,6,6.6,72,84.6,4.3,11.1,64.1443333333333,0
"EC_056_INC-D1","EC_056","INC-D1",20.85,7.12,20.9,0,0,"RATE_003",0.00293032786885246,0.001,2.9,0.62,17.08,0.17,0.04,50.05,0.92,2.51,3,25.3,70.2,98.5,1.5,0,2.183,0.13
"EC_056_INC-D2","EC_056","INC-D2",15.05,6.03,20.4,0,0,"RATE_003",0.079,0.027,2.92,0.36,17.16,0.17,0.02,50.01,0.62,2.1,3,25.3,70.2,98.5,1.5,0,2.183,0.15
"EC_056_INC-D3","EC_056","INC-D3",16.68,5.94,20.2,0,0,"RATE_003",0.05,0.017,2.9,0.44,17.06,0.17,0.03,50.06,0.7,2.56,3,25.3,70.2,98.5,1.5,0,2.183,0.14
"EC_056_INC-D4","EC_056","INC-D4",21.28,5.27,20.6,0,0,"RATE_003",0.117,0.04,2.9,0.58,17.08,0.17,0.03,50.05,1.12,3.22,3,25.3,70.2,98.5,1.5,0,2.183,0.14
"EC_056_INC-D5","EC_056","INC-D5",18.72,5.42,20.7,0,0,"RATE_003",0.048,0.017,2.92,0.71,17.17,0.17,0.04,50.01,0.89,3.32,3,25.3,70.2,98.5,1.5,0,2.183,0.13
"EC_056_INC-W1","EC_056","INC-W1",20.42,5.33,21,0,0,"RATE_003",0.086,0.029,6.93,6.93,17.02,0.41,0.41,50.08,0.91,2.97,3,25.3,70.2,98.5,1.5,0,2.183,0
"EC_056_INC-W2","EC_056","INC-W2",14.49,5.48,21,0,0,"RATE_003",0.1,0.034,7.39,7.39,17.03,0.43,0.43,50.07,0.99,3.31,3,25.3,70.2,98.5,1.5,0,2.183,0
"EC_056_INC-W3","EC_056","INC-W3",16.04,5.5,21,0,0,"RATE_003",0.068,0.023,7.38,7.38,17.05,0.43,0.43,50.06,1.04,3.17,3,25.3,70.2,98.5,1.5,0,2.183,0
"EC_056_INC-W4","EC_056","INC-W4",15.61,5.34,20.7,0,0,"RATE_003",0.00294242068155112,0.001,7.4,7.4,17.02,0.44,0.44,50.08,1.07,2.68,3,25.3,70.2,98.5,1.5,0,2.183,0
"EC_056_INC-W5","EC_056","INC-W5",15.64,5.37,21,0,0,"RATE_003",0.00294242068155112,0.001,7.38,7.38,17.02,0.43,0.43,50.08,0.8,2.41,3,25.3,70.2,98.5,1.5,0,2.183,0
"EC_063_INC-D1","EC_063","INC-D1",119.5,7.73,20.7,0.376,1.131,"RATE_CV_050",0.654,0.217,3.39,0.96,16.69,0.2,0.06,50.2,28.4,95.92,6,44.3,47,97.3,1.9,0.8,2.17475,0.14
"EC_063_INC-D2","EC_063","INC-D2",120.6,7,20.7,0.288,0.872,"RATE_CV_050",0.676,0.223,3.37,0.84,16.6,0.2,0.05,50.24,32.8,109.73,6,44.3,47,97.3,1.9,0.8,2.17475,0.15
"EC_063_INC-D3","EC_063","INC-D3",125.8,6.78,20.7,0,0,"RATE_CV_050; RATE_OUTLIER_000",0.513,0.171,3.39,1.12,16.7,0.2,0.07,50.2,19.75,72.15,6,44.3,47,97.3,1.9,0.8,2.17475,0.13
"EC_063_INC-D4","EC_063","INC-D4",120.6,6.55,20.6,0.404,1.225,"RATE_CV_050",0.799,0.264,3.37,0.28,16.57,0.2,0.02,50.25,23.39,64.87,6,44.3,47,97.3,1.9,0.8,2.17475,0.18
"EC_063_INC-D5","EC_063","INC-D5",116.2,6.69,20.6,0.464,1.398,"RATE_CV_050",0.715,0.237,3.39,0.82,16.65,0.2,0.05,50.21,45.07,134.26,6,44.3,47,97.3,1.9,0.8,2.17475,0.15
"EC_063_INC-W1","EC_063","INC-W1",107.6,6.64,20.7,3.746,11.376,"N/A",0.837,0.276,7.91,7.91,16.55,0.48,0.48,50.26,17.89,54.27,6,44.3,47,97.3,1.9,0.8,2.17475,0
"EC_063_INC-W2","EC_063","INC-W2",113.7,6.4,20.7,9.49,28.601,"N/A",1.074,0.356,7.88,7.88,16.65,0.47,0.47,50.21,21.92,63.06,6,44.3,47,97.3,1.9,0.8,2.17475,0
"EC_063_INC-W3","EC_063","INC-W3",111.6,6.44,20.9,5.04,15.223,"N/A",1.103,0.365,7.91,7.91,16.63,0.48,0.48,50.23,43.28,186.3,6,44.3,47,97.3,1.9,0.8,2.17475,0
"EC_063_INC-W4","EC_063","INC-W4",111.6,6.51,20.8,3.697,11.218,"N/A",0.865,0.285,7.88,7.88,16.55,0.48,0.48,50.25,27.68,80.44,6,44.3,47,97.3,1.9,0.8,2.17475,0
"EC_063_INC-W5","EC_063","INC-W5",112.8,6.28,20.4,5.037,15.193,"N/A",1.055,0.35,7.88,7.88,16.65,0.47,0.47,50.22,17.59,52.29,6,44.3,47,97.3,1.9,0.8,2.17475,0
"EC_064_INC-D1","EC_064","INC-D1",291.4,7.5,20.9,0.69,4.1,"N/A",0.162,0.027,11.01,8.55,9,1.22,0.95,53.48,37.9,127.66,7.2,15.2,67.7,90.1,2.3,7.6,2.01433333333333,0.27
"EC_064_INC-D2","EC_064","INC-D2",286.2,7.37,21,0.645,3.833,"N/A",0.00594222222222222,0.001,11.01,8.47,9,1.22,0.94,53.48,58.89,154.96,7.2,15.2,67.7,90.1,2.3,7.6,2.01433333333333,0.28
"EC_064_INC-D3","EC_064","INC-D3",295.2,7.26,21.2,0.596,3.542,"N/A",0.185,0.031,11,8.44,9,1.22,0.94,53.48,44.49,137,7.2,15.2,67.7,90.1,2.3,7.6,2.01433333333333,0.28
"EC_064_INC-D4","EC_064","INC-D4",290.2,7.34,20.9,0.814,4.837,"N/A",0.173,0.029,11,8.51,9,1.22,0.95,53.48,62.66,184.35,7.2,15.2,67.7,90.1,2.3,7.6,2.01433333333333,0.27
"EC_064_INC-D5","EC_064","INC-D5",290.4,7.16,20.9,0.958,5.699,"N/A",0.00594883203559511,0.001,11,8.73,8.99,1.22,0.97,53.48,33.93,118.31,7.2,15.2,67.7,90.1,2.3,7.6,2.01433333333333,0.25
"EC_064_INC-W1","EC_064","INC-W1",314.9,7.2,20.9,149.567,887.608,"RATE_005; INC_004",0.36,0.061,14.02,14.02,9.01,1.56,1.56,53.47,40.84,140.22,7.2,15.2,67.7,90.1,2.3,7.6,2.01433333333333,0
"EC_064_INC-W2","EC_064","INC-W2",300.9,7.13,21,32.074,190.591,"N/A",0.00594222222222222,0.001,13.99,13.99,9,1.55,1.55,53.48,51.94,223.56,7.2,15.2,67.7,90.1,2.3,7.6,2.01433333333333,0
"EC_064_INC-W3","EC_064","INC-W3",312.3,7.3,21,107.447,639.184,"RATE_005",0.00594883203559511,0.001,13.97,13.97,8.99,1.55,1.55,53.48,42.2,137.4,7.2,15.2,67.7,90.1,2.3,7.6,2.01433333333333,0
"EC_064_INC-W4","EC_064","INC-W4",306.2,7.26,20.9,129.087,767.064,"RATE_005",0.245,0.041,13.98,13.98,9,1.55,1.55,53.48,31.93,118.41,7.2,15.2,67.7,90.1,2.3,7.6,2.01433333333333,0
"EC_064_INC-W5","EC_064","INC-W5",306.6,7.33,20.9,119.436,709.715,"RATE_005",0.213,0.036,13.99,13.99,9,1.55,1.55,53.48,33.35,120.63,7.2,15.2,67.7,90.1,2.3,7.6,2.01433333333333,0
"EC_065_INC-D1","EC_065","INC-D1",30.11,5.71,19.5,2.838,9.75,"N/A",0.425,0.124,5.13,3.34,14.8,0.35,0.23,50.88,13.88,44.53,14.2,52.1,26.9,93.2,4.9,1.9,11.5686666666667,0.12
"EC_065_INC-D2","EC_065","INC-D2",31.24,5.93,19.4,4.808,16.338,"N/A",0.543,0.16,5.16,3.58,14.89,0.35,0.24,50.63,23.3,74.87,14.2,52.1,26.9,93.2,4.9,1.9,11.5686666666667,0.11
"EC_065_INC-D3","EC_065","INC-D3",31.76,5.76,19.5,4.896,16.515,"N/A",0.639,0.189,5.15,3.29,14.87,0.35,0.22,50.16,22.43,71.41,14.2,52.1,26.9,93.2,4.9,1.9,11.5686666666667,0.13
"EC_065_INC-D4","EC_065","INC-D4",34.78,5.65,19.6,3.078,10.47,"N/A",0.666,0.196,5.15,3.44,14.86,0.35,0.23,50.58,25.54,73.95,14.2,52.1,26.9,93.2,4.9,1.9,11.5686666666667,0.12
"EC_065_INC-D5","EC_065","INC-D5",31.89,5.85,19.9,2.345,8.041,"N/A",0.487,0.142,5.15,3.34,14.86,0.35,0.22,50.99,20.57,61.36,14.2,52.1,26.9,93.2,4.9,1.9,11.5686666666667,0.13
"EC_065_INC-W1","EC_065","INC-W1",33.03,5.65,19.3,6.498,22.381,"N/A",0.63,0.183,7.17,7.16,14.89,0.48,0.48,51.32,19.31,57.42,14.2,52.1,26.9,93.2,4.9,1.9,11.5686666666667,0
"EC_065_INC-W2","EC_065","INC-W2",31.98,5.67,19.5,4.411,14.959,"N/A",0.646,0.19,7.2,7.2,14.84,0.48,0.48,50.36,18.28,62.58,14.2,52.1,26.9,93.2,4.9,1.9,11.5686666666667,0
"EC_065_INC-W3","EC_065","INC-W3",32.25,5.57,19.5,7.415,25.697,"N/A",0.67,0.193,7.18,7.18,14.81,0.48,0.48,51.36,19.29,53.98,14.2,52.1,26.9,93.2,4.9,1.9,11.5686666666667,0
"EC_065_INC-W4","EC_065","INC-W4",32.67,5.81,19.6,5.754,19.926,"N/A",0.649,0.187,7.18,7.18,14.84,0.48,0.48,51.39,19.7,61.9,14.2,52.1,26.9,93.2,4.9,1.9,11.5686666666667,0
"EC_065_INC-W5","EC_065","INC-W5",36.77,7.14,19.3,6.982,24.004,"N/A",0.734,0.213,7.18,7.18,14.84,0.48,0.48,51.02,13.9,45.02,14.2,52.1,26.9,93.2,4.9,1.9,11.5686666666667,0
"EC_066_INC-D1","EC_066","INC-D1",37.11,6.11,20.1,0.177,0.569,"RATE_CV_050",0.101,0.032,4.2,1.79,15.74,0.27,0.11,50.59,3,8.96,1.2,0.5,94.5,96.2,2.1,1.7,10.0276666666667,0.16
"EC_066_INC-D2","EC_066","INC-D2",38.61,5.98,20.4,0,0,"RATE_CV_050; RATE_OUTLIER_000",0.18,0.056,4.2,1.79,15.75,0.27,0.11,50.59,2.72,10.09,1.2,0.5,94.5,96.2,2.1,1.7,10.0276666666667,0.16
"EC_066_INC-D3","EC_066","INC-D3",46.63,6.22,20.3,0.14,0.446,"RATE_CV_050",0.193,0.06,4.23,1.79,15.86,0.27,0.11,50.54,2.89,9.37,1.2,0.5,94.5,96.2,2.1,1.7,10.0276666666667,0.16
"EC_066_INC-D4","EC_066","INC-D4",43.97,6.17,19.6,0.162,0.517,"RATE_CV_050",0.188,0.059,4.22,1.76,15.84,0.27,0.11,50.55,2.75,8,1.2,0.5,94.5,96.2,2.1,1.7,10.0276666666667,0.16
"EC_066_INC-D5","EC_066","INC-D5",37.32,7.84,20.3,0.09,0.288,"RATE_CV_050",0.149,0.046,4.21,1.46,15.81,0.27,0.09,50.57,3.4,10.28,1.2,0.5,94.5,96.2,2.1,1.7,10.0276666666667,0.18
"EC_066_INC-W1","EC_066","INC-W1",37.21,7.6,20.2,0.368,1.177,"N/A",0.191,0.06,10.23,10.23,15.81,0.65,0.65,50.57,2.76,8.18,1.2,0.5,94.5,96.2,2.1,1.7,10.0276666666667,0
"EC_066_INC-W2","EC_066","INC-W2",36.85,6.9,19.5,0.362,1.164,"N/A",0.144,0.045,10.13,10.13,15.73,0.64,0.64,50.59,2.48,9.46,1.2,0.5,94.5,96.2,2.1,1.7,10.0276666666667,0
"EC_066_INC-W3","EC_066","INC-W3",37.44,6.04,18.9,0.451,1.444,"N/A",0.17,0.053,10.07,10.07,15.78,0.64,0.64,50.57,2.61,9.54,1.2,0.5,94.5,96.2,2.1,1.7,10.0276666666667,0
"EC_066_INC-W4","EC_066","INC-W4",35.2,6.14,20.3,0.352,1.125,"N/A",0.154,0.048,10.08,10.08,15.81,0.64,0.64,50.56,2.47,8.23,1.2,0.5,94.5,96.2,2.1,1.7,10.0276666666667,0
"EC_066_INC-W5","EC_066","INC-W5",35.18,5.94,20.5,0.399,1.274,"N/A",0.184,0.058,10.02,10.02,15.83,0.63,0.63,50.56,3.09,9.7,1.2,0.5,94.5,96.2,2.1,1.7,10.0276666666667,0
"EC_068_INC-D1","EC_068","INC-D1",273.8,6.8,21.9,125.655,797.081,"RATE_005",3.325,0.524,12.45,6.44,7.45,1.67,0.86,52.46,6.28,41.06,14.3,0.9,6.9,22.1,26.9,51,57.538,0.81
"EC_068_INC-D2","EC_068","INC-D2",284.6,6.74,21.9,248.984,1579.408,"RATE_005",5.298,0.835,12.46,7.07,7.46,1.67,0.95,52.46,1.42,8.36,14.3,0.9,6.9,22.1,26.9,51,57.538,0.72
"EC_068_INC-D3","EC_068","INC-D3",202.5,6.72,21.6,262.127,1652.156,"RATE_005",5.553,0.881,12.52,7.06,7.5,1.67,0.94,52.44,4.37,25.88,14.3,0.9,6.9,22.1,26.9,51,57.538,0.73
"EC_068_INC-D4","EC_068","INC-D4",282.4,6.69,21.8,251.195,1579.155,"RATE_005",6.652,1.058,12.55,7.19,7.52,1.67,0.96,52.43,5.99,47.11,14.3,0.9,6.9,22.1,26.9,51,57.538,0.71
"EC_068_INC-D5","EC_068","INC-D5",259.7,6.74,21.7,227.617,1430.93,"RATE_005",7.092,1.128,12.57,7.17,7.52,1.67,0.95,52.43,7.13,67.3,14.3,0.9,6.9,22.1,26.9,51,57.538,0.72
"EC_068_INC-W1","EC_068","INC-W1",307.2,6.91,21.7,259.426,1637.412,"RATE_005",7.72,1.223,16.45,16.45,7.49,2.2,2.2,52.45,2.51,22.04,14.3,0.9,6.9,22.1,26.9,51,57.538,0
"EC_068_INC-W2","EC_068","INC-W2",322.1,6.78,21.9,265.563,1673.813,"RATE_005",7.293,1.157,15.49,15.49,7.5,2.07,2.07,52.44,4.2,35.66,14.3,0.9,6.9,22.1,26.9,51,57.538,0
"EC_068_INC-W3","EC_068","INC-W3",312.1,6.84,21.9,260.234,1646.788,"RATE_005",6.915,1.093,15.41,15.41,7.48,2.06,2.06,52.46,3,25.23,14.3,0.9,6.9,22.1,26.9,51,57.538,0
"EC_068_INC-W4","EC_068","INC-W4",307.9,6.81,21.8,249.396,1578.204,"RATE_005",7.574,1.197,15.44,15.44,7.48,2.06,2.06,52.46,3.25,26.98,14.3,0.9,6.9,22.1,26.9,51,57.538,0
"EC_068_INC-W5","EC_068","INC-W5",294.5,6.78,21.8,266.835,1688.56,"RATE_005",6.503,1.028,15.39,15.39,7.48,2.06,2.06,52.46,1.7,9.53,14.3,0.9,6.9,22.1,26.9,51,57.538,0
"EC_069_INC-D1","EC_069","INC-D1",1650,6.97,20.9,1.58,5.042,"RATE_CV_050",0.261,0.082,4.11,2.18,15.83,0.26,0.14,50.48,50.08,181.33,5.9,5.5,83.3,94.7,3.3,2,6.542,0.12
"EC_069_INC-D2","EC_069","INC-D2",1667,6.84,20.9,3.05,9.738,"VI_ALL_007; RATE_CV_050",0.283,0.089,4.11,1.26,15.81,0.26,0.08,50.48,95,336.26,5.9,5.5,83.3,94.7,3.3,2,6.542,0.18
"EC_069_INC-D3","EC_069","INC-D3",1622,6.98,21,4.122,13.134,"RATE_CV_050; RATE_OUTLIER_000",0.223,0.07,4.12,2.17,15.84,0.26,0.14,50.47,116.7,398.42,5.9,5.5,83.3,94.7,3.3,2,6.542,0.12
"EC_069_INC-D4","EC_069","INC-D4",1624,6.62,21.1,7.678,24.444,"RATE_CV_050; RATE_OUTLIER_000",0.262,0.082,4.12,2.34,15.85,0.26,0.15,50.46,272.55,838.76,5.9,5.5,83.3,94.7,3.3,2,6.542,0.11
"EC_069_INC-D5","EC_069","INC-D5",1610,6.83,21.3,0.58,1.84,"RATE_CV_050",0.228,0.072,4.13,2.42,15.9,0.26,0.15,50.44,154.56,610.12,5.9,5.5,83.3,94.7,3.3,2,6.542,0.11
"EC_069_INC-W1","EC_069","INC-W1",1277,6.61,21.3,151.061,478.218,"RATE_005",1.137,0.359,8.19,8.18,15.93,0.51,0.51,50.43,70.4,290.97,5.9,5.5,83.3,94.7,3.3,2,6.542,0
"EC_069_INC-W2","EC_069","INC-W2",1256,6.57,21.2,215.615,682.578,"RATE_005",0.887,0.28,8.61,8.61,15.93,0.54,0.54,50.43,43.07,154.74,5.9,5.5,83.3,94.7,3.3,2,6.542,0
"EC_069_INC-W3","EC_069","INC-W3",1241,6.48,21.3,242.011,768.857,"RATE_005",0.954,0.3,8.59,8.58,15.88,0.54,0.54,50.45,50.8,182.66,5.9,5.5,83.3,94.7,3.3,2,6.542,0
"EC_069_INC-W4","EC_069","INC-W4",1243,6.41,21.3,218.605,697.987,"RATE_005",1.008,0.316,8.6,8.6,15.81,0.54,0.54,50.48,65.09,224.48,5.9,5.5,83.3,94.7,3.3,2,6.542,0
"EC_069_INC-W5","EC_069","INC-W5",1278,6.57,21.2,182.199,581.378,"N/A",0.733,0.23,8.55,8.55,15.83,0.54,0.54,50.48,101.62,333.02,5.9,5.5,83.3,94.7,3.3,2,6.542,0
"EC_070_INC-D1","EC_070","INC-D1",147.3,6.89,21,1.161,4.036,"RATE_CV_050; RATE_OUTLIER_000",1.032,0.297,5.33,2.8,14.66,0.36,0.19,51.03,15.78,49.32,37.2,46.1,4,87.3,3.4,9.3,3.45175,0.17
"EC_070_INC-D2","EC_070","INC-D2",146.8,7.01,20.7,2.258,7.837,"RATE_CV_050; RATE_OUTLIER_000",1.081,0.311,5.34,3.04,14.68,0.36,0.21,51.02,27.63,95.74,37.2,46.1,4,87.3,3.4,9.3,3.45175,0.15
"EC_070_INC-D3","EC_070","INC-D3",137.3,7.25,20.1,0,0,"RATE_CV_050",0.954,0.275,5.33,3.16,14.68,0.36,0.22,51.02,25.1,73.85,37.2,46.1,4,87.3,3.4,9.3,3.45175,0.14
"EC_070_INC-D4","EC_070","INC-D4",149.3,7.05,21.1,0.095,0.33,"RATE_CV_050",1.243,0.358,5.33,3.23,14.67,0.36,0.22,51.03,20.49,63.18,37.2,46.1,4,87.3,3.4,9.3,3.45175,0.14
"EC_070_INC-D5","EC_070","INC-D5",151.9,6.97,21.1,0.647,2.239,"RATE_CV_050",0.978,0.283,5.35,3.34,14.72,0.36,0.23,51,22.71,78.4,37.2,46.1,4,87.3,3.4,9.3,3.45175,0.13
"EC_070_INC-W1","EC_070","INC-W1",176.7,6.96,20.7,3.663,12.782,"RATE_CV_050",1.245,0.357,8.82,8.82,14.61,0.6,0.6,51.05,10.07,31.56,37.2,46.1,4,87.3,3.4,9.3,3.45175,0
"EC_070_INC-W2","EC_070","INC-W2",170.2,6.53,21.2,3.214,11.215,"RATE_CV_050",1.135,0.325,8.82,8.82,14.62,0.6,0.6,51.05,17.05,51.72,37.2,46.1,4,87.3,3.4,9.3,3.45175,0
"EC_070_INC-W3","EC_070","INC-W3",158.3,6.62,20.8,2.742,9.532,"RATE_CV_050",0.997,0.287,8.83,8.83,14.66,0.6,0.6,51.03,9.71,28.33,37.2,46.1,4,87.3,3.4,9.3,3.45175,0
"EC_070_INC-W4","EC_070","INC-W4",162.2,6.71,21.2,0.306,1.065,"RATE_CV_050; RATE_OUTLIER_000",0.957,0.275,8.84,8.84,14.65,0.6,0.6,51.04,14.31,44.55,37.2,46.1,4,87.3,3.4,9.3,3.45175,0
"EC_070_INC-W5","EC_070","INC-W5",167.2,6.74,21.2,0,0,"RATE_CV_050; RATE_OUTLIER_000",0.982,0.282,8.82,8.82,14.65,0.6,0.6,51.04,17.22,57.32,37.2,46.1,4,87.3,3.4,9.3,3.45175,0
"EC_071_INC-D1","EC_071","INC-D1",576.4,6.71,20,6.135,31.03,"VI_ALL_006; RATE_CV_050",0.227,0.045,9.48,5.28,10.53,0.9,0.5,53.31,5.53,43.23,27.2,21.6,2.5,51.3,1.7,47,46.784,0.4
"EC_071_INC-D2","EC_071","INC-D2",444.3,6.41,20.3,282.068,1423.695,"RATE_005; VI_ALL_006; RATE_CV_050; RATE_OUTLIER_000",0.486,0.096,9.49,6.19,10.55,0.9,0.59,53.3,3.67,25.2,27.2,21.6,2.5,51.3,1.7,47,46.784,0.31
"EC_071_INC-D3","EC_071","INC-D3",604.3,6.69,19.4,2.994,15.08,"VI_ALL_006; RATE_CV_050",0.308,0.061,9.51,2.9,10.56,0.9,0.27,53.29,5.87,43.58,27.2,21.6,2.5,51.3,1.7,47,46.784,0.63
"EC_071_INC-D4","EC_071","INC-D4",426.1,6.54,20,287.049,1453.237,"RATE_005; VI_ALL_006; RATE_CV_050; RATE_OUTLIER_000",0.61,0.12,9.47,6.33,10.52,0.9,0.6,53.31,10,88.98,27.2,21.6,2.5,51.3,1.7,47,46.784,0.3
"EC_071_INC-D5","EC_071","INC-D5",564.6,6.67,20.1,6.601,33.451,"VI_ALL_006; RATE_CV_050",0.373,0.074,9.45,5.94,10.51,0.9,0.57,53.31,12.19,106.87,27.2,21.6,2.5,51.3,1.7,47,46.784,0.33
"EC_071_INC-W1","EC_071","INC-W1",485.6,7.56,19.2,286.487,1446,"RATE_005; VI_ALL_006",1.844,0.365,11.48,11.48,10.55,1.09,1.09,53.3,7.2,73.29,27.2,21.6,2.5,51.3,1.7,47,46.784,0
"EC_071_INC-W2","EC_071","INC-W2",466.9,6.73,19.7,283.662,1433.098,"RATE_005; VI_ALL_006",2.07,0.41,11.47,11.47,10.54,1.09,1.09,53.3,17.01,294.7,27.2,21.6,2.5,51.3,1.7,47,46.784,0
"EC_071_INC-W3","EC_071","INC-W3",476,6.4,20.1,284.81,1437.535,"RATE_005; VI_ALL_006",1.543,0.306,11.48,11.48,10.55,1.09,1.09,53.3,6.72,53.35,27.2,21.6,2.5,51.3,1.7,47,46.784,0
"EC_071_INC-W4","EC_071","INC-W4",457.6,6.47,19.2,282.348,1428.081,"RATE_005; VI_ALL_006",1.543,0.305,11.42,11.43,10.53,1.09,1.09,53.31,5.87,55.12,27.2,21.6,2.5,51.3,1.7,47,46.784,0
"EC_071_INC-W5","EC_071","INC-W5",464.7,6.59,19.7,289.075,1459.062,"RATE_005; VI_ALL_006",1.573,0.312,11.45,11.45,10.55,1.09,1.09,53.3,7.03,69.9,27.2,21.6,2.5,51.3,1.7,47,46.784,0
"EC_072_INC-D1","EC_072","INC-D1",935.2,7.01,20.9,267.471,1348.611,"RATE_005",1.006,0.199,10.02,6.45,9.99,1,0.65,50.32,9.66,68.18,11.6,4.7,1.2,17.5,44.5,38,99.0613333333333,0.35
"EC_072_INC-D2","EC_072","INC-D2",932.2,6.96,20.8,237.513,1200.204,"RATE_005",0.428,0.085,10.01,5.95,9.97,1,0.6,50.33,8.87,104.87,11.6,4.7,1.2,17.5,44.5,38,99.0613333333333,0.4
"EC_072_INC-D3","EC_072","INC-D3",947.2,7.01,21.1,268.511,1355.213,"RATE_005",0.391,0.077,10.02,5.58,9.98,1,0.56,50.32,8.85,67.76,11.6,4.7,1.2,17.5,44.5,38,99.0613333333333,0.44
"EC_072_INC-D4","EC_072","INC-D4",915.7,6.98,21.1,198.072,992.136,"RATE_005",0.212,0.042,10.08,5.64,10.05,1,0.56,50.29,9.64,58.76,11.6,4.7,1.2,17.5,44.5,38,99.0613333333333,0.44
"EC_072_INC-W1","EC_072","INC-W1",972.3,6.88,20.1,263.514,1334.272,"RATE_005",1.484,0.293,12.88,12.88,9.95,1.29,1.29,50.33,5.72,38.17,11.6,4.7,1.2,17.5,44.5,38,99.0613333333333,0
"EC_072_INC-W2","EC_072","INC-W2",956.4,6.86,20.9,245.652,1245.329,"RATE_005",0.451,0.089,12.87,12.87,9.94,1.3,1.3,50.34,5.16,40.23,11.6,4.7,1.2,17.5,44.5,38,99.0613333333333,0
"EC_072_INC-W3","EC_072","INC-W3",967.5,6.84,21.2,266.809,1348.243,"RATE_005",1.038,0.205,12.96,12.96,9.97,1.3,1.3,50.33,3.52,22.3,11.6,4.7,1.2,17.5,44.5,38,99.0613333333333,0
"EC_072_INC-W4","EC_072","INC-W4",942.7,6.86,20.9,272.588,1378.83,"RATE_005",0.862,0.17,12.94,12.94,9.96,1.3,1.3,50.33,9.38,69.58,11.6,4.7,1.2,17.5,44.5,38,99.0613333333333,0
"EC_073_INC-D1","EC_073","INC-D1",102.5,8.04,21.2,0.291,1.415,"N/A",1.017,0.209,9.12,6.88,10.85,0.84,0.63,52.8,4.37,12.96,5.7,2.6,87.1,95.4,0.4,4.2,4.4186,0.21
"EC_073_INC-D2","EC_073","INC-D2",103.2,7.7,21.2,0.338,1.637,"N/A",0.829,0.171,9.16,6.93,10.9,0.84,0.64,52.78,2.87,8.54,5.7,2.6,87.1,95.4,0.4,4.2,4.4186,0.2
"EC_073_INC-D3","EC_073","INC-D3",105.5,7.49,21.3,0.243,1.177,"N/A",0.967,0.2,9.15,6.45,10.9,0.84,0.59,52.78,3.25,9.52,5.7,2.6,87.1,95.4,0.4,4.2,4.4186,0.25
"EC_073_INC-D4","EC_073","INC-D4",104.6,7.46,21.3,0.313,1.516,"N/A",0.926,0.191,9.15,7.14,10.9,0.84,0.66,52.78,4.4,12.89,5.7,2.6,87.1,95.4,0.4,4.2,4.4186,0.18
"EC_073_INC-D5","EC_073","INC-D5",103,7.5,21.4,0.175,0.849,"N/A",1.05,0.216,9.14,6.96,10.88,0.84,0.64,52.79,6.79,17.66,5.7,2.6,87.1,95.4,0.4,4.2,4.4186,0.2
"EC_073_INC-W1","EC_073","INC-W1",110.4,8.05,21.3,2.151,10.437,"N/A",1.372,0.283,12.13,12.13,10.88,1.11,1.11,52.79,15.21,37.16,5.7,2.6,87.1,95.4,0.4,4.2,4.4186,0
"EC_073_INC-W2","EC_073","INC-W2",109.4,7.86,21.2,2.455,11.888,"N/A",1.112,0.23,12.13,12.13,10.9,1.11,1.11,52.78,6.27,17.61,5.7,2.6,87.1,95.4,0.4,4.2,4.4186,0
"EC_073_INC-W3","EC_073","INC-W3",108.8,7.7,21.3,1.913,9.309,"N/A",0.842,0.173,12.05,12.05,10.85,1.11,1.11,52.8,4.27,12.32,5.7,2.6,87.1,95.4,0.4,4.2,4.4186,0
"EC_073_INC-W4","EC_073","INC-W4",110.5,7.5,21.2,3.681,17.877,"N/A",1.305,0.269,12.1,12.1,10.86,1.11,1.11,52.79,4.46,11.17,5.7,2.6,87.1,95.4,0.4,4.2,4.4186,0
"EC_073_INC-W5","EC_073","INC-W5",110.6,7.4,21.4,2.367,11.485,"N/A",1.216,0.251,12.08,12.08,10.88,1.11,1.11,52.79,4.4,13.48,5.7,2.6,87.1,95.4,0.4,4.2,4.4186,0
"EC_074_INC-D1","EC_074","INC-D1",123.3,6.66,21,0,0,"RATE_CV_050",0.1,0.033,3.28,1.18,16.7,0.2,0.07,50.2,4.49,18.61,2.2,20.2,75.9,98.3,1.7,0,6.0076,0.13
"EC_074_INC-D2","EC_074","INC-D2",119.7,6.78,20.9,4.074,12.246,"RATE_CV_050; RATE_OUTLIER_000",0.092,0.031,3.28,1.32,16.69,0.2,0.08,50.2,3.18,8.79,2.2,20.2,75.9,98.3,1.7,0,6.0076,0.12
"EC_074_INC-D3","EC_074","INC-D3",115.9,6.78,21.2,4.608,13.871,"RATE_CV_050; RATE_OUTLIER_000",0.098,0.033,3.28,1.26,16.67,0.2,0.08,50.21,5.37,16.58,2.2,20.2,75.9,98.3,1.7,0,6.0076,0.12
"EC_074_INC-D4","EC_074","INC-D4",119,6.77,20.9,0.515,1.546,"INC_002; RATE_CV_050",0.109,0.036,3.29,1.21,16.7,0.2,0.07,50.19,5.26,20.89,2.2,20.2,75.9,98.3,1.7,0,6.0076,0.13
"EC_074_INC-D5","EC_074","INC-D5",146.7,7.16,21.2,0.348,1.043,"RATE_CV_050",0.057,0.019,3.29,1.31,16.73,0.2,0.08,50.19,9.75,28.27,2.2,20.2,75.9,98.3,1.7,0,6.0076,0.12
"EC_074_INC-W1","EC_074","INC-W1",104.1,7.09,20.3,0.588,1.759,"N/A",0.066,0.022,6.77,6.77,16.75,0.4,0.4,50.17,5.7,16.18,2.2,20.2,75.9,98.3,1.7,0,6.0076,0
"EC_074_INC-W2","EC_074","INC-W2",108.3,7.02,20.9,0.609,1.828,"N/A",0.072,0.024,6.74,6.74,16.7,0.4,0.4,50.19,4.82,13.52,2.2,20.2,75.9,98.3,1.7,0,6.0076,0
"EC_074_INC-W3","EC_074","INC-W3",102.6,6.94,20.7,0.551,1.653,"N/A",0.02,0.007,6.78,6.78,16.71,0.41,0.41,50.19,3.45,9.1,2.2,20.2,75.9,98.3,1.7,0,6.0076,0
"EC_074_INC-W4","EC_074","INC-W4",100.9,6.88,20.8,0.637,1.908,"N/A",0.093,0.031,6.79,6.79,16.74,0.41,0.41,50.18,5.82,13.04,2.2,20.2,75.9,98.3,1.7,0,6.0076,0
"EC_074_INC-W5","EC_074","INC-W5",106.3,6.84,20.9,0.516,1.548,"N/A",0.048,0.016,6.77,6.77,16.72,0.4,0.4,50.19,3.92,11.69,2.2,20.2,75.9,98.3,1.7,0,6.0076,0
"EC_075_INC-D1","EC_075","INC-D1",212.2,7.68,21.8,1.25,4.343,"RATE_CV_050",0.976,0.281,5.29,1.45,14.68,0.36,0.1,51,25.59,111.24,59,26.1,1.4,86.5,3.8,9.7,10.907,0.26
"EC_075_INC-D2","EC_075","INC-D2",205.2,7.2,21.9,2.22,7.719,"RATE_CV_050",0.925,0.266,5.28,1.88,14.68,0.36,0.13,51.01,10.47,38.01,59,26.1,1.4,86.5,3.8,9.7,10.907,0.23
"EC_075_INC-D3","EC_075","INC-D3",204.3,7.27,21.9,15.2,52.607,"RATE_CV_050; RATE_OUTLIER_000",0.997,0.288,5.3,1.99,14.74,0.36,0.14,50.98,31.94,168.19,59,26.1,1.4,86.5,3.8,9.7,10.907,0.22
"EC_075_INC-D4","EC_075","INC-D4",203.5,7.26,21.9,3.07,10.675,"RATE_CV_050",0.868,0.25,5.28,1.73,14.68,0.36,0.12,51.01,34.01,140.69,59,26.1,1.4,86.5,3.8,9.7,10.907,0.24
"EC_075_INC-D5","EC_075","INC-D5",202.3,7.24,21.9,1.305,4.51,"RATE_CV_050",0.959,0.278,5.31,1.7,14.76,0.36,0.12,50.97,20.99,80.21,59,26.1,1.4,86.5,3.8,9.7,10.907,0.24
"EC_075_INC-W1","EC_075","INC-W1",205.3,7.05,21.8,234.909,813.723,"RATE_005",1.927,0.556,8.3,8.3,14.73,0.56,0.56,50.99,8.91,31.37,59,26.1,1.4,86.5,3.8,9.7,10.907,0
"EC_075_INC-W2","EC_075","INC-W2",213.2,6.84,21.8,197.057,684.133,"RATE_005",2.065,0.595,8.25,8.25,14.69,0.56,0.56,51,18.12,93.56,59,26.1,1.4,86.5,3.8,9.7,10.907,0
"EC_075_INC-W3","EC_075","INC-W3",228.7,6.89,21.8,172.808,599.538,"RATE_005",1.127,0.325,8.32,8.32,14.71,0.57,0.57,51,18.16,62.82,59,26.1,1.4,86.5,3.8,9.7,10.907,0
"EC_075_INC-W4","EC_075","INC-W4",211.6,6.93,21.6,232.201,807.952,"RATE_005",1.643,0.472,8.25,8.25,14.66,0.56,0.56,51.01,12.59,35.72,59,26.1,1.4,86.5,3.8,9.7,10.907,0
"EC_075_INC-W5","EC_075","INC-W5",221.4,6.84,21.6,140.222,484.222,"RATE_005",1.51,0.437,8.28,8.28,14.76,0.56,0.56,50.97,23.81,115.91,59,26.1,1.4,86.5,3.8,9.7,10.907,0
"EC_076_INC-D1","EC_076","INC-D1",737.6,7.19,20.1,2.316,7.509,"RATE_CV_050",0.248,0.076,4.53,0.57,15.63,0.29,0.04,50.71,67.88,186.75,27.9,28.4,13.6,69.9,4.7,25.4,12.886,0.25
"EC_076_INC-D2","EC_076","INC-D2",719.4,7.28,21.1,0.576,1.887,"RATE_CV_050",0.225,0.069,4.49,0.68,15.48,0.29,0.04,50.77,53.35,167.05,27.9,28.4,13.6,69.9,4.7,25.4,12.886,0.25
"EC_076_INC-D3","EC_076","INC-D3",735.7,7.57,20.9,6.404,21.021,"RATE_CV_050; RATE_OUTLIER_000",0.397,0.121,4.48,0.97,15.46,0.29,0.06,50.78,62.5,227.11,27.9,28.4,13.6,69.9,4.7,25.4,12.886,0.23
"EC_076_INC-D4","EC_076","INC-D4",702.7,7.64,20.8,9.37,30.535,"RATE_CV_050; RATE_OUTLIER_000",0.198,0.061,4.51,1.21,15.55,0.29,0.08,50.74,56.98,174.03,27.9,28.4,13.6,69.9,4.7,25.4,12.886,0.21
"EC_076_INC-D5","EC_076","INC-D5",711.6,7.72,21.1,0.777,2.541,"RATE_CV_050",0.142,0.043,4.5,0.75,15.5,0.29,0.05,50.76,48.39,132.13,27.9,28.4,13.6,69.9,4.7,25.4,12.886,0.24
"EC_076_INC-W1","EC_076","INC-W1",712.1,7.29,21.2,141.068,466.829,"RATE_005",0.457,0.138,9.54,9.54,15.35,0.62,0.62,50.83,54.54,170.23,27.9,28.4,13.6,69.9,4.7,25.4,12.886,0
"EC_076_INC-W2","EC_076","INC-W2",712.8,7.39,21.3,143.999,466.892,"RATE_005",0.392,0.121,9.4,9.4,15.63,0.6,0.6,50.71,44.74,184.32,27.9,28.4,13.6,69.9,4.7,25.4,12.886,0
"EC_076_INC-W3","EC_076","INC-W3",715.3,7.46,21.2,135.456,441.428,"RATE_005",0.399,0.122,9.44,9.44,15.56,0.61,0.61,50.74,38.98,115.75,27.9,28.4,13.6,69.9,4.7,25.4,12.886,0
"EC_076_INC-W4","EC_076","INC-W4",707.3,7.47,20.2,110.8,362.924,"RATE_005",0.515,0.157,9.26,9.26,15.49,0.6,0.6,50.77,51.12,192.85,27.9,28.4,13.6,69.9,4.7,25.4,12.886,0
"EC_076_INC-W5","EC_076","INC-W5",696.3,7.52,21.3,106.543,346.914,"RATE_005",0.437,0.134,9.43,9.43,15.57,0.61,0.61,50.73,52.23,272.5,27.9,28.4,13.6,69.9,4.7,25.4,12.886,0
"EC_078_INC-D1","EC_078","INC-D1",574.9,6.62,21.2,125.016,546.671,"RATE_005; RATE_CV_050; RATE_OUTLIER_000",0.792,0.181,7.94,5.36,11.98,0.66,0.45,52.43,45.22,275.52,39.1,34.1,5.2,78.4,1.3,20.3,23.7903333333333,0.21
"EC_078_INC-D2","EC_078","INC-D2",603.4,7,21.5,112.081,483.898,"RATE_005; RATE_CV_050; RATE_OUTLIER_000",0.744,0.172,8.04,5.34,12.11,0.66,0.44,52.37,48.76,177.11,39.1,34.1,5.2,78.4,1.3,20.3,23.7903333333333,0.22
"EC_078_INC-D3","EC_078","INC-D3",788.1,6.86,21.2,0.818,3.542,"RATE_CV_050",0.654,0.151,8.02,4.27,12.08,0.66,0.35,52.39,63.91,306.48,39.1,34.1,5.2,78.4,1.3,20.3,23.7903333333333,0.31
"EC_078_INC-D4","EC_078","INC-D4",787.7,6.85,20.9,2.175,9.341,"RATE_CV_050",0.646,0.15,8.08,4.07,12.18,0.66,0.33,52.35,41.31,191.18,39.1,34.1,5.2,78.4,1.3,20.3,23.7903333333333,0.33
"EC_078_INC-D5","EC_078","INC-D5",714.7,6.73,20.8,2.341,10.209,"RATE_CV_050",0.655,0.15,7.96,5.53,12.01,0.66,0.46,52.42,40.88,243.31,39.1,34.1,5.2,78.4,1.3,20.3,23.7903333333333,0.2
"EC_078_INC-W1","EC_078","INC-W1",482.5,6.76,21.1,252.972,1108.258,"RATE_005",2.717,0.62,10.88,10.88,11.96,0.91,0.91,52.44,33.41,199.79,39.1,34.1,5.2,78.4,1.3,20.3,23.7903333333333,0
"EC_078_INC-W2","EC_078","INC-W2",492.2,6.68,21,252.034,1092.147,"RATE_005",1.637,0.378,10.98,10.98,12.07,0.91,0.91,52.39,33.37,149.39,39.1,34.1,5.2,78.4,1.3,20.3,23.7903333333333,0
"EC_078_INC-W3","EC_078","INC-W3",500.05,6.66,21.2,245.413,1057.801,"RATE_005",2.005,0.465,10.97,10.97,12.14,0.9,0.9,52.37,34.49,221.47,39.1,34.1,5.2,78.4,1.3,20.3,23.7903333333333,0
"EC_078_INC-W4","EC_078","INC-W4",516.4,6.64,21.2,201.781,874.384,"RATE_005",1.353,0.312,11.92,11.92,12.08,0.99,0.99,52.39,35.55,138.76,39.1,34.1,5.2,78.4,1.3,20.3,23.7903333333333,0
"EC_078_INC-W5","EC_078","INC-W5",529.5,6.65,21.1,215.714,934.761,"RATE_005",1.076,0.248,10.93,10.93,12.07,0.91,0.91,52.39,0.72,4.01,39.1,34.1,5.2,78.4,1.3,20.3,23.7903333333333,0
"EC_080_INC-D1","EC_080","INC-D1",237.5,6.56,21,242.811,3084.829,"RATE_005",2.661,0.209,15.74,12.48,4.3,3.66,2.9,54.63,6.72,156.03,43.9,33,2,78.9,13.5,7.6,80.5323333333333,0.76
"EC_080_INC-D2","EC_080","INC-D2",236.1,6.27,20.8,279.998,3574.554,"RATE_005",3.418,0.268,15.68,12.85,4.28,3.66,3,54.64,6.85,133.97,43.9,33,2,78.9,13.5,7.6,80.5323333333333,0.66
"EC_080_INC-D3","EC_080","INC-D3",248.7,6.68,21,275.556,3492.72,"RATE_005",2.485,0.196,15.8,13.46,4.31,3.66,3.12,54.63,7.59,184.25,43.9,33,2,78.9,13.5,7.6,80.5323333333333,0.54
"EC_080_INC-D4","EC_080","INC-D4",245.7,6.46,20.8,279.074,3545.538,"RATE_005",3.035,0.239,15.74,13.39,4.3,3.66,3.12,54.63,6.63,161.59,43.9,33,2,78.9,13.5,7.6,80.5323333333333,0.54
"EC_080_INC-D5","EC_080","INC-D5",226.7,6.47,21,274.648,3481.211,"RATE_005",2.855,0.225,15.79,13.1,4.31,3.66,3.04,54.63,5.86,102.46,43.9,33,2,78.9,13.5,7.6,80.5323333333333,0.62
"EC_080_INC-W1","EC_080","INC-W1",256.5,6.83,20.5,290.188,3704.643,"RATE_005",3.271,0.256,16.66,16.66,4.28,3.89,3.89,54.64,5.82,116.3,43.9,33,2,78.9,13.5,7.6,80.5323333333333,0
"EC_080_INC-W2","EC_080","INC-W2",235.2,6.64,20.7,261.133,3325.946,"RATE_005",3.198,0.251,16.69,16.69,4.29,3.89,3.89,54.64,5.47,97.6,43.9,33,2,78.9,13.5,7.6,80.5323333333333,0
"EC_080_INC-W3","EC_080","INC-W3",241.7,6.63,20.7,276.502,3529.923,"RATE_005",3.475,0.272,16.69,16.69,4.28,3.9,3.9,54.64,6.48,120.94,43.9,33,2,78.9,13.5,7.6,80.5323333333333,0
"EC_080_INC-W4","EC_080","INC-W4",265.6,6.45,21.4,273.925,3488.872,"RATE_005",2.842,0.223,16.72,16.72,4.29,3.9,3.9,54.64,6.18,106.63,43.9,33,2,78.9,13.5,7.6,80.5323333333333,0
"EC_080_INC-W5","EC_080","INC-W5",257.2,6.55,20.5,279.381,3558.363,"RATE_005",3.113,0.244,16.69,16.69,4.29,3.89,3.89,54.64,5.04,95.06,43.9,33,2,78.9,13.5,7.6,80.5323333333333,0
"EC_081_INC-D1","EC_081","INC-D1",70.67,6.35,19.7,0.981,3.335,"RATE_CV_050; RATE_OUTLIER_000",0.463,0.136,5.12,3.38,14.92,0.34,0.23,50.69,36.35,156.78,27.4,61.2,1.7,90.3,1.1,8.6,5.2445,0.11
"EC_081_INC-D2","EC_081","INC-D2",80.1,6.32,19.8,0.164,0.552,"RATE_CV_050",0.293,0.087,5.13,0.98,14.94,0.34,0.07,50.25,16.88,55.27,27.4,61.2,1.7,90.3,1.1,8.6,5.2445,0.27
"EC_081_INC-D3","EC_081","INC-D3",75.08,6.43,19.7,0.519,1.782,"RATE_CV_050",0.352,0.102,5.11,3,14.87,0.34,0.2,51.07,6.18,18.51,27.4,61.2,1.7,90.3,1.1,8.6,5.2445,0.14
"EC_081_INC-D4","EC_081","INC-D4",80.7,6.45,19.6,0.206,0.708,"RATE_CV_050",0.316,0.092,5.12,1.97,14.9,0.34,0.13,51.2,22.39,89.89,27.4,61.2,1.7,90.3,1.1,8.6,5.2445,0.21
"EC_081_INC-D5","EC_081","INC-D5",71.83,6.5,19.7,9.342,31.925,"RATE_CV_050; RATE_OUTLIER_000",0.477,0.14,5.13,3.24,14.96,0.34,0.22,51.09,15.65,63.12,27.4,61.2,1.7,90.3,1.1,8.6,5.2445,0.12
"EC_081_INC-W1","EC_081","INC-W1",82.17,6.61,19.6,183.637,632.225,"RATE_005",0.751,0.218,8.04,8.03,14.87,0.54,0.54,51.16,11.48,43.46,27.4,61.2,1.7,90.3,1.1,8.6,5.2445,0
"EC_081_INC-W2","EC_081","INC-W2",86.29,6.55,19.8,188.625,667.793,"RATE_005",0.734,0.207,8.04,8.04,14.89,0.54,0.54,52.68,26.93,111.13,27.4,61.2,1.7,90.3,1.1,8.6,5.2445,0
"EC_081_INC-W3","EC_081","INC-W3",83.54,6.58,19.8,197.578,692.649,"RATE_005",0.683,0.195,8.06,8.07,14.92,0.54,0.54,52.27,16.41,102.13,27.4,61.2,1.7,90.3,1.1,8.6,5.2445,0
"EC_081_INC-W4","EC_081","INC-W4",79.16,6.51,19.5,158.552,535.683,"RATE_005",0.608,0.18,8.06,8.06,14.96,0.54,0.54,50.51,35.82,136.54,27.4,61.2,1.7,90.3,1.1,8.6,5.2445,0
"EC_081_INC-W5","EC_081","INC-W5",80.65,6.53,19.8,168.114,568.923,"RATE_005",0.599,0.177,8.05,8.05,14.9,0.54,0.54,50.39,28.26,97.34,27.4,61.2,1.7,90.3,1.1,8.6,5.2445,0
"EC_082_INC-D1","EC_082","INC-D1",114.4,6.76,19.6,0.82,2.712,"N/A",0.329,0.1,7.88,5.83,12.05,0.65,0.48,50,29.25,104.58,51.7,34.9,7,93.6,2,4.4,7.0035,0.17
"EC_082_INC-D2","EC_082","INC-D2",116.1,6.6,19.8,0.86,2.901,"N/A",0.385,0.114,7.9,5.92,12.09,0.65,0.49,51.18,24.76,96.04,51.7,34.9,7,93.6,2,4.4,7.0035,0.16
"EC_082_INC-D3","EC_082","INC-D3",115.1,6.62,19.8,1.528,5.214,"N/A",0.385,0.113,7.9,6.24,12.09,0.65,0.52,51.76,52.34,157.31,51.7,34.9,7,93.6,2,4.4,7.0035,0.13
"EC_082_INC-D4","EC_082","INC-D4",118.2,6.83,19.8,0.728,2.371,"N/A",0.338,0.104,7.92,6.29,12.13,0.65,0.52,49.53,29.06,93.53,51.7,34.9,7,93.6,2,4.4,7.0035,0.13
"EC_082_INC-D5","EC_082","INC-D5",121.2,6.69,19.5,0.745,2.54,"N/A",0.355,0.104,7.88,6.21,12.06,0.65,0.51,51.59,39.18,112.69,51.7,34.9,7,93.6,2,4.4,7.0035,0.14
"EC_082_INC-W1","EC_082","INC-W1",128.6,7.34,19.6,215.999,735.818,"RATE_005",0.376,0.11,10.86,10.86,12.12,0.9,0.9,51.78,19.27,60.15,51.7,34.9,7,93.6,2,4.4,7.0035,0
"EC_082_INC-W2","EC_082","INC-W2",123.1,6.83,19.8,173.605,595.922,"RATE_005",0.48,0.14,10.83,10.83,12.07,0.9,0.9,51.97,21.09,74.62,51.7,34.9,7,93.6,2,4.4,7.0035,0
"EC_082_INC-W3","EC_082","INC-W3",124.8,6.67,19.7,181.327,609.593,"RATE_005",0.452,0.134,10.86,10.86,12.12,0.9,0.9,51.1,18.59,60.8,51.7,34.9,7,93.6,2,4.4,7.0035,0
"EC_082_INC-W4","EC_082","INC-W4",127.1,6.57,19.6,152.657,508.021,"RATE_005",0.394,0.118,10.89,10.89,12.13,0.9,0.9,50.65,20.04,70.06,51.7,34.9,7,93.6,2,4.4,7.0035,0
"EC_082_INC-W5","EC_082","INC-W5",133.3,6.53,19.7,197.419,676.586,"RATE_005",0.348,0.102,10.84,10.84,12.1,0.9,0.9,51.99,23.21,80.82,51.7,34.9,7,93.6,2,4.4,7.0035,0
"EC_084_INC-D1","EC_084","INC-D1",178.5,6.75,21.5,31.983,115.893,"RATE_CV_050; RATE_OUTLIER_000",0.492,0.136,5.8,3.3,14.14,0.41,0.23,51.31,6.04,18.94,1.9,1.2,93.6,96.7,1.4,1.9,4.29733333333333,0.18
"EC_084_INC-D2","EC_084","INC-D2",171.1,6.7,21.2,7.256,26.172,"RATE_CV_050",0.573,0.159,5.82,3.45,14.21,0.41,0.24,51.29,6.05,19.35,1.9,1.2,93.6,96.7,1.4,1.9,4.29733333333333,0.17
"EC_084_INC-D3","EC_084","INC-D3",171.6,6.79,21,116.876,422.153,"RATE_005; RATE_CV_050; RATE_OUTLIER_000",0.41,0.113,5.82,3.47,14.18,0.41,0.24,51.29,9.55,30.59,1.9,1.2,93.6,96.7,1.4,1.9,4.29733333333333,0.17
"EC_084_INC-D4","EC_084","INC-D4",165.1,6.72,21.3,1.153,4.168,"RATE_CV_050",0.363,0.1,5.81,3.12,14.18,0.41,0.22,51.3,9.99,31.78,1.9,1.2,93.6,96.7,1.4,1.9,4.29733333333333,0.19
"EC_084_INC-D5","EC_084","INC-D5",167.1,6.79,21.1,6.579,23.84,"RATE_CV_050",0.378,0.104,5.8,3.34,14.14,0.41,0.24,51.31,10.9,30.38,1.9,1.2,93.6,96.7,1.4,1.9,4.29733333333333,0.17
"EC_084_INC-W1","EC_084","INC-W1",229.8,7.2,20.8,160.484,582.052,"RATE_005",1.357,0.374,7.81,8.51,14.13,0.55,0.6,51.32,12.33,47.03,1.9,1.2,93.6,96.7,1.4,1.9,4.29733333333333,-0.0499999999999999
"EC_084_INC-W2","EC_084","INC-W2",197.3,6.97,21.2,159.882,578.417,"RATE_005",0.447,0.124,7.84,8.65,14.16,0.55,0.61,51.3,3.2,9.74,1.9,1.2,93.6,96.7,1.4,1.9,4.29733333333333,-0.0599999999999999
"EC_084_INC-W3","EC_084","INC-W3",192.4,6.89,21.3,183.289,664.763,"RATE_005",0.326,0.09,7.79,9.08,14.13,0.55,0.64,51.32,4.1,14.46,1.9,1.2,93.6,96.7,1.4,1.9,4.29733333333333,-0.09
"EC_084_INC-W4","EC_084","INC-W4",198.5,6.88,21.3,172.674,627.15,"RATE_005",0.385,0.106,7.78,8.77,14.11,0.55,0.62,51.32,4.8,16.21,1.9,1.2,93.6,96.7,1.4,1.9,4.29733333333333,-0.07
"EC_084_INC-W5","EC_084","INC-W5",189.2,6.74,21.5,138.873,493.524,"RATE_005",0.406,0.114,7.69,8.14,14.39,0.53,0.57,51.21,6.54,20.69,1.9,1.2,93.6,96.7,1.4,1.9,4.29733333333333,-0.0399999999999999
"EC_085_INC-D1","EC_085","INC-D1",146.3,6.76,21.2,0.945,3.242,"N/A",0.948,0.276,5.06,1.52,14.88,0.34,0.1,51.08,30.21,116.77,34.6,39,3.4,77,3.1,19.9,6.01133333333333,0.24
"EC_085_INC-D2","EC_085","INC-D2",140,6.78,21.4,0.584,1.999,"N/A",0.92,0.269,5.07,2.2,14.91,0.34,0.15,51.07,34.61,246.91,34.6,39,3.4,77,3.1,19.9,6.01133333333333,0.19
"EC_085_INC-D3","EC_085","INC-D3",141.6,6.69,21.4,0.471,1.613,"N/A",0.903,0.264,5.07,2.17,14.9,0.34,0.15,51.07,31.96,124.39,34.6,39,3.4,77,3.1,19.9,6.01133333333333,0.19
"EC_085_INC-D4","EC_085","INC-D4",146.5,6.73,21.2,0.498,1.701,"N/A",0.967,0.283,5.08,1.93,14.95,0.34,0.13,51.05,30.2,102.06,34.6,39,3.4,77,3.1,19.9,6.01133333333333,0.21
"EC_085_INC-D5","EC_085","INC-D5",146.1,6.68,21,0.556,1.896,"N/A",0.933,0.274,5.09,1.91,14.96,0.34,0.13,51.05,33.74,197.95,34.6,39,3.4,77,3.1,19.9,6.01133333333333,0.21
"EC_085_INC-W1","EC_085","INC-W1",152.4,7.09,21,190.61,650.879,"RATE_005",2.984,0.874,8.13,8.13,14.94,0.54,0.54,51.05,19.73,68.54,34.6,39,3.4,77,3.1,19.9,6.01133333333333,0
"EC_085_INC-W2","EC_085","INC-W2",147.3,6.99,21.1,165.006,567.305,"RATE_005",3.315,0.964,8.09,8.09,14.86,0.54,0.54,51.09,13.54,61.33,34.6,39,3.4,77,3.1,19.9,6.01133333333333,0
"EC_085_INC-W3","EC_085","INC-W3",152.1,6.9,21.3,192.034,654.3,"RATE_005",3.316,0.973,8.03,8.03,14.97,0.54,0.54,51.04,9.26,43.85,34.6,39,3.4,77,3.1,19.9,6.01133333333333,0
"EC_085_INC-W4","EC_085","INC-W4",157.9,6.94,20.8,172.448,590.672,"RATE_005",3.542,1.034,8.07,8.07,14.9,0.54,0.54,51.07,10,54.41,34.6,39,3.4,77,3.1,19.9,6.01133333333333,0
"EC_085_INC-W5","EC_085","INC-W5",153.1,7.05,20.9,144.757,494.732,"RATE_005",3.599,1.053,8.06,8.06,14.93,0.54,0.54,51.06,15.61,70.06,34.6,39,3.4,77,3.1,19.9,6.01133333333333,0
"EC_088_INC-D1","EC_088","INC-D1",93.3,6.29,20.4,1.318,4.958,"RATE_CV_050; RATE_OUTLIER_000",0.451,0.12,6.24,1.31,13.75,0.45,0.09,51.65,55.8,355.25,28,21.5,18.5,68,3.3,28.7,27.682,0.36
"EC_088_INC-D2","EC_088","INC-D2",79.42,5.75,20.8,5.321,20.017,"RATE_CV_050",0.647,0.172,6.23,2.99,13.75,0.45,0.22,51.65,62.71,280.03,28,21.5,18.5,68,3.3,28.7,27.682,0.23
"EC_088_INC-D3","EC_088","INC-D3",83.53,5.79,20.6,172.921,649.428,"RATE_005; RATE_CV_050; RATE_OUTLIER_000",1.281,0.341,6.24,3.5,13.77,0.45,0.25,51.64,50.17,335.09,28,21.5,18.5,68,3.3,28.7,27.682,0.2
"EC_088_INC-D4","EC_088","INC-D4",82.05,5.7,20.7,5.339,20.066,"RATE_CV_050",0.502,0.134,6.24,2.24,13.76,0.45,0.16,51.64,86.18,273.28,28,21.5,18.5,68,3.3,28.7,27.682,0.29
"EC_088_INC-D5","EC_088","INC-D5",79.31,5.67,20.8,1.836,6.907,"RATE_CV_050",0.517,0.138,6.23,2.73,13.75,0.45,0.2,51.65,81.02,266.48,28,21.5,18.5,68,3.3,28.7,27.682,0.25
"EC_088_INC-W1","EC_088","INC-W1",117.1,7.18,20.1,211.87,800.243,"RATE_005",2.171,0.575,9.24,9.25,13.7,0.67,0.68,51.67,41.79,138.62,28,21.5,18.5,68,3.3,28.7,27.682,-0.01
"EC_088_INC-W2","EC_088","INC-W2",101.8,6.01,20.4,230.532,865.794,"RATE_005",1.862,0.496,9.29,9.31,13.77,0.67,0.68,51.64,34.24,272.52,28,21.5,18.5,68,3.3,28.7,27.682,-0.01
"EC_088_INC-W3","EC_088","INC-W3",105.3,6.02,20.7,246.161,927.548,"RATE_005",1.698,0.451,9.25,9.25,13.73,0.67,0.67,51.66,25.89,145.48,28,21.5,18.5,68,3.3,28.7,27.682,0
"EC_088_INC-W4","EC_088","INC-W4",100.2,5.83,20.6,243.005,909.639,"RATE_005",1.786,0.477,9.26,9.27,13.82,0.67,0.67,51.62,37.19,161.91,28,21.5,18.5,68,3.3,28.7,27.682,0
"EC_088_INC-W5","EC_088","INC-W5",101.6,5.75,20.6,218.399,822.18,"RATE_005",1.763,0.468,9.26,9.26,13.74,0.67,0.67,51.65,27,135.42,28,21.5,18.5,68,3.3,28.7,27.682,0
"EC_089_INC-D1","EC_089","INC-D1",84.3,5.76,19.7,0.571,1.868,"RATE_CV_050",0.425,0.13,4.54,2.97,15.47,0.29,0.19,50.7,15.28,49.17,23.6,20.9,46.4,90.9,4.1,5,8.932,0.1
"EC_089_INC-D2","EC_089","INC-D2",83.02,5.99,19.6,0.674,2.172,"RATE_CV_050",0.386,0.12,4.54,3.17,15.47,0.29,0.2,49.96,23.43,95.66,23.6,20.9,46.4,90.9,4.1,5,8.932,0.09
"EC_089_INC-D3","EC_089","INC-D3",83.66,6.07,19.6,0.695,2.242,"RATE_CV_050",0.416,0.129,4.53,2.89,15.46,0.29,0.19,49.93,10.09,30.54,23.6,20.9,46.4,90.9,4.1,5,8.932,0.1
"EC_089_INC-D4","EC_089","INC-D4",84.01,5.81,19.5,0.427,1.386,"RATE_CV_050",0.561,0.173,4.52,2.98,15.42,0.29,0.19,50.13,37.93,139.17,23.6,20.9,46.4,90.9,4.1,5,8.932,0.1
"EC_089_INC-D5","EC_089","INC-D5",86.51,5.86,19.6,1.986,6.527,"RATE_CV_050; RATE_OUTLIER_000",0.631,0.192,4.52,3.07,15.41,0.29,0.2,50.74,8.82,33.27,23.6,20.9,46.4,90.9,4.1,5,8.932,0.09
"EC_089_INC-W1","EC_089","INC-W1",99.34,6.21,19.4,2.152,7.095,"N/A",0.653,0.198,7.58,7.58,15.45,0.49,0.49,51.04,23.08,69.37,23.6,20.9,46.4,90.9,4.1,5,8.932,0
"EC_089_INC-W2","EC_089","INC-W2",97.7,5.84,19.5,3.23,10.66,"N/A",0.579,0.176,7.49,7.49,15.43,0.49,0.49,50.99,29.95,90.86,23.6,20.9,46.4,90.9,4.1,5,8.932,0
"EC_089_INC-W3","EC_089","INC-W3",99.05,5.92,19.6,1.548,5.146,"N/A",0.535,0.161,7.55,7.55,15.47,0.49,0.49,51.53,31.93,121.67,23.6,20.9,46.4,90.9,4.1,5,8.932,0
"EC_089_INC-W4","EC_089","INC-W4",98.69,5.87,19.6,1.963,6.442,"N/A",0.474,0.145,7.51,7.51,15.49,0.48,0.48,50.93,15.46,44.88,23.6,20.9,46.4,90.9,4.1,5,8.932,0
"EC_089_INC-W5","EC_089","INC-W5",99.14,5.77,19.3,2.352,7.69,"N/A",0.686,0.21,7.56,7.56,15.48,0.49,0.49,50.71,24.87,76.23,23.6,20.9,46.4,90.9,4.1,5,8.932,0
"EC_090_INC-D1","EC_090","INC-D1",36.79,5.24,20.5,0.303,0.901,"N/A",0.749,0.252,3,1.18,16.99,0.18,0.07,50.38,17.54,50.27,21,23.9,31.7,76.6,4.9,18.5,7.345,0.11
"EC_090_INC-D2","EC_090","INC-D2",36.56,5.33,20.5,0.238,0.7,"N/A",0.706,0.24,3,1.27,16.99,0.18,0.07,49.81,27.46,82.37,21,23.9,31.7,76.6,4.9,18.5,7.345,0.11
"EC_090_INC-D3","EC_090","INC-D3",35.73,5.39,20.4,0.298,0.867,"N/A",0.8,0.275,3,1.12,17,0.18,0.07,49.3,24.92,75.04,21,23.9,31.7,76.6,4.9,18.5,7.345,0.11
"EC_090_INC-D4","EC_090","INC-D4",36.29,5.43,20.5,0.236,0.692,"N/A",0.692,0.236,3,1.33,16.97,0.18,0.08,49.58,11.85,32.19,21,23.9,31.7,76.6,4.9,18.5,7.345,0.1
"EC_090_INC-D5","EC_090","INC-D5",34.97,5.35,20.8,0.178,0.526,"N/A",0.859,0.291,3.01,1.24,17.02,0.18,0.07,50.16,24.79,68.46,21,23.9,31.7,76.6,4.9,18.5,7.345,0.11
"EC_090_INC-W1","EC_090","INC-W1",29,6.96,20.5,145.776,434.578,"RATE_005",2.679,0.899,6.01,6,17.01,0.35,0.35,50.56,15.65,47.37,21,23.9,31.7,76.6,4.9,18.5,7.345,0
"EC_090_INC-W2","EC_090","INC-W2",28.94,6.09,20.7,125.139,379.332,"RATE_005",0.069,0.023,6.01,5.99,16.99,0.35,0.35,51.35,19.73,66.71,21,23.9,31.7,76.6,4.9,18.5,7.345,0
"EC_090_INC-W3","EC_090","INC-W3",26.77,5.77,20.5,116.934,347.077,"RATE_005",1.911,0.644,6,5.99,17,0.35,0.35,50.31,6.34,19.23,21,23.9,31.7,76.6,4.9,18.5,7.345,0
"EC_090_INC-W4","EC_090","INC-W4",29.03,5.55,20.7,163.662,480.197,"RATE_005",2.385,0.813,6.01,6,17.04,0.35,0.35,49.85,4.71,11.88,21,23.9,31.7,76.6,4.9,18.5,7.345,0
"EC_090_INC-W5","EC_090","INC-W5",29.74,5.45,20.4,141.168,419.335,"RATE_005",2.537,0.854,5.96,5.96,16.98,0.35,0.35,50.29,11.26,31.55,21,23.9,31.7,76.6,4.9,18.5,7.345,0
"EC_091_INC-D1","EC_091","INC-D1",168.8,7.01,19.8,6.738,22.456,"RATE_CV_050; RATE_OUTLIER_000",0.564,0.169,4.92,2.67,15.06,0.33,0.18,50.29,17.68,62.88,72.4,15,1.2,88.6,3.7,7.7,5.4435,0.15
"EC_091_INC-D2","EC_091","INC-D2",160.8,6.01,20,5.134,17.071,"RATE_CV_050; RATE_OUTLIER_000",0.849,0.255,4.93,2.76,15.11,0.33,0.18,50.31,27.75,130.4,72.4,15,1.2,88.6,3.7,7.7,5.4435,0.15
"EC_091_INC-D3","EC_091","INC-D3",165.8,6.27,20.3,0.472,1.582,"RATE_CV_050",0.485,0.145,4.92,2.28,15.06,0.33,0.15,50.58,25.48,83.56,72.4,15,1.2,88.6,3.7,7.7,5.4435,0.18
"EC_091_INC-D4","EC_091","INC-D4",154,6.13,20,4.398,14.377,"RATE_CV_050",0.775,0.237,4.92,2.9,15.07,0.33,0.19,49.33,8.48,21.94,72.4,15,1.2,88.6,3.7,7.7,5.4435,0.14
"EC_091_INC-D5","EC_091","INC-D5",161,6.4,20.1,0.509,1.723,"INC_002; RATE_CV_050",0.434,0.128,4.92,2.66,15.06,0.33,0.18,51.07,12.09,33.19,72.4,15,1.2,88.6,3.7,7.7,5.4435,0.15
"EC_091_INC-W1","EC_091","INC-W1",153.8,6.43,20,175.113,582.207,"RATE_005",0.955,0.287,7.91,7.91,15.13,0.52,0.52,50.37,10.64,32.87,72.4,15,1.2,88.6,3.7,7.7,5.4435,0
"EC_091_INC-W2","EC_091","INC-W2",141.9,7.12,20.1,121.422,398.672,"RATE_005",0.83,0.253,7.93,7.93,15.11,0.52,0.52,49.71,12.91,45.36,72.4,15,1.2,88.6,3.7,7.7,5.4435,0
"EC_091_INC-W3","EC_091","INC-W3",163.3,6.98,19.7,119.381,404.789,"RATE_005",0.908,0.268,7.92,7.93,15.08,0.53,0.53,51.2,23.35,73.27,72.4,15,1.2,88.6,3.7,7.7,5.4435,0
"EC_091_INC-W4","EC_091","INC-W4",159.2,6.66,20.1,104.406,345.078,"RATE_005",0.819,0.248,7.95,7.95,15.11,0.53,0.53,50.04,17.01,66.01,72.4,15,1.2,88.6,3.7,7.7,5.4435,0
"EC_091_INC-W5","EC_091","INC-W5",151.3,6.83,20.1,144.32,486.805,"RATE_005",0.826,0.245,7.9,7.9,15.07,0.52,0.52,50.9,5.67,20.67,72.4,15,1.2,88.6,3.7,7.7,5.4435,0
"EC_092_INC-D1","EC_092","INC-D1",144,6.53,20,0.438,1.324,"N/A",0.193,0.064,3.29,1.28,16.71,0.2,0.08,50.46,29.39,83.49,14,19.1,56.4,89.5,3,7.5,2.85366666666667,0.12
"EC_092_INC-D2","EC_092","INC-D2",140.3,6.96,20,0.736,2.17,"N/A",0.123,0.042,3.29,1.38,16.71,0.2,0.08,49.21,23.61,60.85,14,19.1,56.4,89.5,3,7.5,2.85366666666667,0.12
"EC_092_INC-D3","EC_092","INC-D3",145.3,6.64,20.1,0.141,0.416,"N/A",0.131,0.044,3.3,1.28,16.76,0.2,0.08,49.37,17.23,41.01,14,19.1,56.4,89.5,3,7.5,2.85366666666667,0.12
"EC_092_INC-D4","EC_092","INC-D4",142.3,7.04,20,0.392,1.169,"N/A",0.202,0.068,3.28,1.47,16.69,0.2,0.09,49.7,13.83,41.35,14,19.1,56.4,89.5,3,7.5,2.85366666666667,0.11
"EC_092_INC-D5","EC_092","INC-D5",142.2,6.99,20.1,0.497,1.492,"N/A",0.151,0.05,3.29,1.59,16.75,0.2,0.1,50.21,4.91,17.31,14,19.1,56.4,89.5,3,7.5,2.85366666666667,0.1
"EC_092_INC-W1","EC_092","INC-W1",169,6.33,19.8,7.073,20.927,"RATE_CV_050; RATE_OUTLIER_000",0.338,0.114,6.31,6.31,16.71,0.38,0.38,49.38,5.96,18.37,14,19.1,56.4,89.5,3,7.5,2.85366666666667,0
"EC_092_INC-W2","EC_092","INC-W2",168.2,6.11,20,9.545,28.932,"RATE_CV_050; RATE_OUTLIER_000",0.326,0.107,6.3,6.3,16.71,0.38,0.38,50.59,37.09,107.95,14,19.1,56.4,89.5,3,7.5,2.85366666666667,0
"EC_092_INC-W3","EC_092","INC-W3",170.3,6.16,20.4,1.976,6.038,"RATE_CV_050",0.319,0.104,6.32,6.32,16.74,0.38,0.38,51.09,4.97,13.71,14,19.1,56.4,89.5,3,7.5,2.85366666666667,0
"EC_092_INC-W4","EC_092","INC-W4",166.3,6.18,20,2.346,7.037,"RATE_CV_050",0.317,0.106,6.31,6.31,16.74,0.38,0.38,50.15,24.43,76.24,14,19.1,56.4,89.5,3,7.5,2.85366666666667,0
"EC_092_INC-W5","EC_092","INC-W5",168.2,6.35,20.1,2.019,6.116,"RATE_CV_050",0.308,0.102,6.3,6.3,16.75,0.38,0.38,50.68,47.82,130.86,14,19.1,56.4,89.5,3,7.5,2.85366666666667,0
"EC_093_INC-D1","EC_093","INC-D1",56.27,6.38,20.7,0,0,"RATE_CV_050",0.198,0.064,3.7,2.04,16.3,0.23,0.12,50.55,2.27,6.6,4.2,11.2,82.3,97.7,1.8,0.5,4.04066666666667,0.11
"EC_093_INC-D2","EC_093","INC-D2",57.2,6.64,20.8,0,0,"RATE_CV_050",0.186,0.061,3.69,1.92,16.28,0.23,0.12,49.7,3.17,9.64,4.2,11.2,82.3,97.7,1.8,0.5,4.04066666666667,0.11
"EC_093_INC-D3","EC_093","INC-D3",56.58,6.6,20.6,0.468,1.432,"RATE_CV_050; RATE_OUTLIER_000",0.19,0.062,3.69,2.06,16.3,0.23,0.13,49.97,2.3,6.4,4.2,11.2,82.3,97.7,1.8,0.5,4.04066666666667,0.1
"EC_093_INC-D4","EC_093","INC-D4",55.18,6.75,20.3,0,0,"RATE_CV_050",0.22,0.072,3.69,1.96,16.3,0.23,0.12,49.7,3.5,9.26,4.2,11.2,82.3,97.7,1.8,0.5,4.04066666666667,0.11
"EC_093_INC-D5","EC_093","INC-D5",53.71,6.52,20.5,0,0,"RATE_CV_050",0.213,0.071,3.7,1.92,16.31,0.23,0.12,49.23,2.97,9.07,4.2,11.2,82.3,97.7,1.8,0.5,4.04066666666667,0.11
"EC_093_INC-W1","EC_093","INC-W1",74.15,7.34,20.2,0.554,1.695,"N/A",0.216,0.071,6.73,6.63,16.3,0.41,0.41,49.98,3.58,10.22,4.2,11.2,82.3,97.7,1.8,0.5,4.04066666666667,0
"EC_093_INC-W2","EC_093","INC-W2",69.1,6.67,20.3,0.473,1.467,"N/A",0.201,0.065,6.71,6.7,16.3,0.41,0.41,50.69,2.67,7.47,4.2,11.2,82.3,97.7,1.8,0.5,4.04066666666667,0
"EC_093_INC-W3","EC_093","INC-W3",70.03,6.52,20.2,0.545,1.691,"N/A",0.215,0.069,6.74,6.74,16.32,0.41,0.41,50.76,2.89,7.93,4.2,11.2,82.3,97.7,1.8,0.5,4.04066666666667,0
"EC_093_INC-W4","EC_093","INC-W4",71.93,6.3,20.5,0.52,1.617,"N/A",0.18,0.058,6.73,7.03,16.32,0.41,0.43,50.88,4.27,11.4,4.2,11.2,82.3,97.7,1.8,0.5,4.04066666666667,-0.02
"EC_093_INC-W5","EC_093","INC-W5",68.51,6.31,20.3,0.454,1.397,"N/A",0.202,0.066,6.72,6.71,16.31,0.41,0.41,50.32,4.41,11.61,4.2,11.2,82.3,97.7,1.8,0.5,4.04066666666667,0
"EC_094_INC-D1","EC_094","INC-D1",243.3,6.45,20.1,0.919,2.984,"RATE_CV_050",1.151,0.355,4.46,2.59,15.57,0.29,0.17,50.58,51.71,169.59,23.6,18.9,48.6,91.1,4.1,4.8,5.065,0.12
"EC_094_INC-D2","EC_094","INC-D2",235.1,6.6,20.8,0.928,3.016,"RATE_CV_050",1.218,0.375,4.46,2.62,15.54,0.29,0.17,50.54,48.08,205.82,23.6,18.9,48.6,91.1,4.1,4.8,5.065,0.12
"EC_094_INC-D3","EC_094","INC-D3",240.3,6.6,20.4,0.756,2.437,"RATE_CV_050",1.285,0.399,4.46,1.87,15.56,0.29,0.12,50.19,39.38,121.28,23.6,18.9,48.6,91.1,4.1,4.8,5.065,0.17
"EC_094_INC-D4","EC_094","INC-D4",238.1,6.53,20.3,3.787,12.418,"RATE_CV_050; RATE_OUTLIER_000",1.634,0.498,4.46,2.54,15.54,0.29,0.16,50.99,25.51,72.84,23.6,18.9,48.6,91.1,4.1,4.8,5.065,0.13
"EC_094_INC-D5","EC_094","INC-D5",233.2,6.91,20.4,0.802,2.616,"RATE_CV_050",1.381,0.423,4.46,2.79,15.56,0.29,0.18,50.78,60.31,185.18,23.6,18.9,48.6,91.1,4.1,4.8,5.065,0.11
"EC_094_INC-W1","EC_094","INC-W1",238.8,7,20.2,124.638,408.758,"RATE_005",1.465,0.447,7.47,7.47,15.55,0.48,0.48,51.03,32.88,87.16,23.6,18.9,48.6,91.1,4.1,4.8,5.065,0
"EC_094_INC-W2","EC_094","INC-W2",244.9,6.47,20.2,154.795,498.066,"RATE_005",1.392,0.433,7.48,7.48,15.57,0.48,0.48,50.13,36.76,139.29,23.6,18.9,48.6,91.1,4.1,4.8,5.065,0
"EC_094_INC-W3","EC_094","INC-W3",239.9,6.45,20.4,109.705,361.991,"RATE_005",1.37,0.415,7.48,7.47,15.54,0.48,0.48,51.31,29.38,105.25,23.6,18.9,48.6,91.1,4.1,4.8,5.065,0
"EC_094_INC-W4","EC_094","INC-W4",244.2,6.33,20.1,131.252,423.25,"RATE_005",1.629,0.505,7.49,7.49,15.61,0.48,0.48,50.37,43.54,122.77,23.6,18.9,48.6,91.1,4.1,4.8,5.065,0
"EC_094_INC-W5","EC_094","INC-W5",243.9,6.33,20.4,122.395,395.66,"RATE_005",1.582,0.489,7.47,7.47,15.55,0.48,0.48,50.3,23.61,76.08,23.6,18.9,48.6,91.1,4.1,4.8,5.065,0
"EC_095_INC-D1","EC_095","INC-D1",369.9,5.42,19.5,3.316,14.018,"N/A",0.159,0.038,7.59,3.43,12.43,0.61,0.28,52.63,70.35,384.57,45.2,16.1,4.2,65.5,1.8,32.7,12.832,0.33
"EC_095_INC-D2","EC_095","INC-D2",366.5,5.17,19.4,1.59,6.659,"N/A",0.061,0.015,7.56,2.85,12.39,0.61,0.23,51.93,57.6,417.78,45.2,16.1,4.2,65.5,1.8,32.7,12.832,0.38
"EC_095_INC-D3","EC_095","INC-D3",365.6,5.3,19.3,2.287,9.623,"N/A",0.077,0.018,7.58,3.27,12.42,0.61,0.26,52.3,69.4,487.63,45.2,16.1,4.2,65.5,1.8,32.7,12.832,0.35
"EC_095_INC-D4","EC_095","INC-D4",377,5.21,19.5,2.539,10.676,"N/A",0.076,0.018,7.6,3.88,12.45,0.61,0.31,52.39,58.82,337.32,45.2,16.1,4.2,65.5,1.8,32.7,12.832,0.3
"EC_095_INC-D5","EC_095","INC-D5",382.5,5.2,19.5,4.835,20.529,"N/A",0.069,0.016,7.55,2.84,12.39,0.61,0.23,52.65,62.34,523.05,45.2,16.1,4.2,65.5,1.8,32.7,12.832,0.38
"EC_095_INC-W1","EC_095","INC-W1",347.3,5.55,19.5,288.114,1225.528,"RATE_005",3.03,0.712,10.56,10.55,12.41,0.85,0.85,52.83,13.48,124.11,45.2,16.1,4.2,65.5,1.8,32.7,12.832,0
"EC_095_INC-W2","EC_095","INC-W2",343.1,5.69,19.4,277.778,1172.022,"RATE_005",0.07,0.017,10.51,10.5,12.43,0.84,0.84,52.53,20.38,160.4,45.2,16.1,4.2,65.5,1.8,32.7,12.832,0
"EC_095_INC-W3","EC_095","INC-W3",347.3,5.66,19.7,286.5,1197.251,"RATE_005",2.717,0.65,10.51,10.51,12.4,0.85,0.85,51.86,31.31,266.87,45.2,16.1,4.2,65.5,1.8,32.7,12.832,0
"EC_095_INC-W4","EC_095","INC-W4",319,5.73,19.5,271.208,1136.636,"RATE_005",0.069,0.017,10.47,10.47,12.45,0.84,0.84,52.22,36.93,281.36,45.2,16.1,4.2,65.5,1.8,32.7,12.832,0
"EC_095_INC-W5","EC_095","INC-W5",330.9,5.8,19.4,282.83,1178.232,"RATE_005",1.622,0.389,10.54,10.54,12.47,0.85,0.85,51.99,33.64,237.11,45.2,16.1,4.2,65.5,1.8,32.7,12.832,0
