"","Sample_Name","Sample_ID","Respiration_Rate_mg_DO_per_L_per_H","Respiration_Rate_mg_DO_per_kg_per_H","Fe_mg_per_L","Fe_mg_per_kg","Percent_Fine_Sand","Percent_Med_Sand","Percent_Coarse_Sand","Percent_Tot_Sand","Percent_Clay","Percent_Silt","average_ssa","SpC","Temp","pH","Initial_Water_mass_g","Final_Water_mass_g","Dry_Sediment_Mass_g"
"1","EC_005_INC-D1","EC_005",0,0,0.200665596360961,0.653456366460782,"6","56.2","33.4","95.6","0.4","4",8.18733333333333,115.4,21,6.96,4.33,2.42,15.75
"2","EC_005_INC-D2","EC_005",0,0,0.201968221253292,0.660213390685794,"6","56.2","33.4","95.6","0.4","4",8.18733333333333,113.1,20,6.89,4.31,1.94,15.69
"3","EC_005_INC-D3","EC_005",0,0,0.201037427325581,0.65633409357745,"6","56.2","33.4","95.6","0.4","4",8.18733333333333,114,20.9,6.77,4.32,2.3,15.71
"4","EC_005_INC-D4","EC_005",-0.066,-0.217,0.201720821738419,0.661935970962364,"6","56.2","33.4","95.6","0.4","4",8.18733333333333,116.4,21,6.67,4.3,1.86,15.63
"5","EC_005_INC-D5","EC_005",-0.089,-0.291,0.212853799907737,0.696685293137711,"6","56.2","33.4","95.6","0.4","4",8.18733333333333,115.5,20.4,6.68,4.3,1.98,15.67
"6","EC_005_INC-W1","EC_005",-0.076,-0.248,0.276934146775126,0.903541695543856,"6","56.2","33.4","95.6","0.4","4",8.18733333333333,129,20.1,7.16,8.36,8.36,15.72
"7","EC_005_INC-W2","EC_005",-0.346,-1.129,0.233116147570843,0.760578504628561,"6","56.2","33.4","95.6","0.4","4",8.18733333333333,115.4,20.7,6.92,8.32,8.32,15.72
"8","EC_005_INC-W3","EC_005",-0.376,-1.223,0.218461183899459,0.71050448072412,"6","56.2","33.4","95.6","0.4","4",8.18733333333333,111.7,20.8,6.9,8.34,8.34,15.77
"9","EC_005_INC-W4","EC_005",-0.36,-1.172,0.238218936488086,0.775746732288091,"6","56.2","33.4","95.6","0.4","4",8.18733333333333,113.5,21,6.86,8.33,8.33,15.75
"10","EC_005_INC-W5","EC_005",-0.243,-0.794,0.1858872527865,0.607646354886348,"6","56.2","33.4","95.6","0.4","4",8.18733333333333,116.1,21.1,6.72,8.31,8.31,15.69
"11","EC_009_INC-D1","EC_009",-0.602,-2.124,0.144183489231588,0.508768741812018,"31.4","36.4","13.3","81.1","1.4","17.5",18.0746666666667,64.64,20.1,5.7,5.36,3.37,14.71
"12","EC_009_INC-D2","EC_009",-9.89,-34.874,0.147428051919524,0.519864161884157,"31.4","36.4","13.3","81.1","1.4","17.5",18.0746666666667,65.08,20.2,5.67,5.37,3.4,14.72
"13","EC_009_INC-D3","EC_009",-0.239,-0.845,0.173134971677784,0.61217601089285,"31.4","36.4","13.3","81.1","1.4","17.5",18.0746666666667,69.74,19.8,5.76,5.35,3.36,14.68
"14","EC_009_INC-D4","EC_009",-0.483,-1.714,0.161903793142621,0.574420935533896,"31.4","36.4","13.3","81.1","1.4","17.5",18.0746666666667,68.47,19.8,5.78,5.34,3.39,14.63
"15","EC_009_INC-D5","EC_009",-2.473,-8.774,0.178376188327526,0.632863597493408,"31.4","36.4","13.3","81.1","1.4","17.5",18.0746666666667,63.19,19.9,6.36,5.34,3.4,14.63
"16","EC_009_INC-W1","EC_009",-3.002,-10.665,0.178875351817978,0.635503354651879,"31.4","36.4","13.3","81.1","1.4","17.5",18.0746666666667,75.2,19.8,6.9,8.3,8.3,14.61
"17","EC_009_INC-W2","EC_009",-3.905,-13.826,0.169640827244622,0.600639616572943,"31.4","36.4","13.3","81.1","1.4","17.5",18.0746666666667,63.64,19.8,6.03,8.32,8.32,14.66
"18","EC_009_INC-W3","EC_009",-4.162,-14.766,0.136945618620039,0.485871447716457,"31.4","36.4","13.3","81.1","1.4","17.5",18.0746666666667,62.81,20.2,5.75,8.32,8.32,14.63
"19","EC_009_INC-W4","EC_009",-2.971,-10.498,0.151171778097911,0.534154003672579,"31.4","36.4","13.3","81.1","1.4","17.5",18.0746666666667,63.2,20,5.71,8.36,8.36,14.69
"20","EC_009_INC-W5","EC_009",-2.608,-9.209,0.166396264556686,0.587548605991793,"31.4","36.4","13.3","81.1","1.4","17.5",18.0746666666667,63.33,20.1,5.68,8.35,8.35,14.7
"21","EC_011_INC-D1","EC_011",-119.42,-472.132,0.144611370118116,0.571728619278284,"21.6","29","25.7","76.3","0","23.7",6.9868,258.7,21.5,6.71,7.12,3.41,13.09
"22","EC_011_INC-D2","EC_011",-214.02,-848.73,0.141351744186046,0.560554441771362,"21.6","29","25.7","76.3","0","23.7",6.9868,260.7,21.5,6.7,7.09,2.53,13.05
"23","EC_011_INC-D3","EC_011",-219.742,-868.759,0.105023747407853,0.415216881272056,"21.6","29","25.7","76.3","0","23.7",6.9868,270.2,21.5,6.65,7.12,3.69,13.09
"24","EC_011_INC-D4","EC_011",-217.954,-861.69,0.193211402891908,0.763871392090298,"21.6","29","25.7","76.3","0","23.7",6.9868,264.9,21.5,6.75,7.12,2.19,13.09
"25","EC_011_INC-D5","EC_011",-191.632,-759.365,0.179268074096043,0.710373764978441,"21.6","29","25.7","76.3","0","23.7",6.9868,260.4,21.7,6.73,7.1,3.1,13.06
"26","EC_011_INC-W1","EC_011",-9999,-9999,0.355724821779243,1.42048387166044,"21.6","29","25.7","76.3","0","23.7",6.9868,350.3,20.9,7.41,27.05,24.13,12.96
"27","EC_011_INC-W2","EC_011",-9999,-9999,0.389433449928414,1.55629033982203,"21.6","29","25.7","76.3","0","23.7",6.9868,330.2,21.1,6.93,27.11,23.64,12.95
"28","EC_011_INC-W3","EC_011",-9999,-9999,0.264573196838624,1.05731212994536,"21.6","29","25.7","76.3","0","23.7",6.9868,310.8,21.2,6.87,27.08,24.12,12.95
"29","EC_011_INC-W4","EC_011",-9999,-9999,0.25782340116279,1.02558621498668,"21.6","29","25.7","76.3","0","23.7",6.9868,261.2,21,6.79,27.14,24.39,13.01
"30","EC_011_INC-W5","EC_011",-9999,-9999,0.422906264356024,1.68745142582521,"21.6","29","25.7","76.3","0","23.7",6.9868,341.7,21.7,6.66,27.15,24.59,12.97
"31","EC_012_INC-D1","EC_012",-115.406,-524.368,0.743114441185304,3.37650158125825,"27.1","24.4","37.3","88.8","0","11.2",10.584,289.6,21.7,6.71,8.97,5.04,11.3
"32","EC_012_INC-D2","EC_012",-140.551,-643.172,0.557728723641721,2.55223026619078,"27.1","24.4","37.3","88.8","0","11.2",10.584,267.9,21.7,6.88,8.91,4.63,11.22
"33","EC_012_INC-D3","EC_012",-122,-553.839,0.656187975976068,2.97889614840984,"27.1","24.4","37.3","88.8","0","11.2",10.584,280.2,21.6,6.74,8.97,4.83,11.31
"34","EC_012_INC-D4","EC_012",-156.149,-710.119,0.407811464602453,1.85462106630189,"27.1","24.4","37.3","88.8","0","11.2",10.584,283.6,21,6.79,8.96,4.46,11.29
"35","EC_012_INC-D5","EC_012",-0.615,-5.826,0.195105023747408,1.84824212901972,"27.1","24.4","37.3","88.8","0","11.2",10.584,261.3,21.1,6.88,4.31,0.58,5.42
"36","EC_012_INC-W1","EC_012",-9999,-9999,0.578198173913625,2.65299437367481,"27.1","24.4","37.3","88.8","0","11.2",10.584,369.7,21.3,6.61,29.06,24.62,11.19
"37","EC_012_INC-W2","EC_012",-9999,-9999,0.296347585456102,1.36831568594048,"27.1","24.4","37.3","88.8","0","11.2",10.584,356.1,21.1,6.69,28.88,24.95,11.12
"38","EC_012_INC-W3","EC_012",-9999,-9999,0.339899077858819,1.56658691683871,"27.1","24.4","37.3","88.8","0","11.2",10.584,356.2,21.1,6.75,28.98,25.79,11.14
"39","EC_012_INC-W4","EC_012",-9999,-9999,0.298809702990166,1.37968393797906,"27.1","24.4","37.3","88.8","0","11.2",10.584,360.09,21.1,6.77,28.89,25.22,11.12
"40","EC_012_INC-W5","EC_012",-9999,-9999,0.357621729651163,1.64384333815661,"27.1","24.4","37.3","88.8","0","11.2",10.584,364.39,21.4,6.76,28.87,24.42,11.17
"41","EC_013_INC-D1","EC_013",-3.792,-19.386,0.130710524782973,0.668232827152349,"5.5","4.1","82","91.6","1.2","7.2",5.57266666666667,426.8,21.9,7.33,10.06,8.6,9.91
"42","EC_013_INC-D2","EC_013",-1.985,-10.128,0.198819098981191,1.01437784609105,"5.5","4.1","82","91.6","1.2","7.2",5.57266666666667,427.7,22,7.2,10.08,8.79,9.93
"43","EC_013_INC-D3","EC_013",-1.612,-8.241,0.245664968288516,1.25591566986893,"5.5","4.1","82","91.6","1.2","7.2",5.57266666666667,437.4,21.7,7.16,10.07,8.67,9.91
"44","EC_013_INC-D4","EC_013",-9999,-9999,0.323499674548323,1.65049990046744,"5.5","4.1","82","91.6","1.2","7.2",5.57266666666667,436.1,21.6,7.29,10.08,8.62,9.93
"45","EC_013_INC-D5","EC_013",-5.181,-26.46,0.266516885472929,1.36114364603982,"5.5","4.1","82","91.6","1.2","7.2",5.57266666666667,433.7,21.4,7.3,10.08,8.8,9.92
"46","EC_013_INC-W1","EC_013",-16.143,-82.528,0.230377939280793,1.17776362641603,"5.5","4.1","82","91.6","1.2","7.2",5.57266666666667,438.9,21.4,7.32,13.07,13.07,9.91
"47","EC_013_INC-W2","EC_013",-18.505,-94.223,0.259937436102592,1.32353872615735,"5.5","4.1","82","91.6","1.2","7.2",5.57266666666667,446.2,21.5,6.99,13.06,13.06,9.95
"48","EC_013_INC-W3","EC_013",-8.232,-41.958,0.236687533135303,1.20636825867544,"5.5","4.1","82","91.6","1.2","7.2",5.57266666666667,439.6,21.2,7.64,13.03,13.03,9.94
"49","EC_013_INC-W4","EC_013",-13.174,-67.214,0.211636690042411,1.07977337639664,"5.5","4.1","82","91.6","1.2","7.2",5.57266666666667,435.8,21.3,7.09,13,12.99,9.93
"50","EC_013_INC-W5","EC_013",-9999,-9999,0.252621407192123,1.28887798112533,"5.5","4.1","82","91.6","1.2","7.2",5.57266666666667,444.6,21.5,6.99,12.98,12.98,9.93
"51","EC_014_INC-D1","EC_014",-0.285,-1.168,0.234964642364936,0.96303445593378,"6.7","41.8","43.5","92","2.7","5.3",5.241,129.2,21,6.84,7.61,6.38,12.46
"52","EC_014_INC-D2","EC_014",-0.432,-1.773,0.242647919593284,0.996124325217798,"6.7","41.8","43.5","92","2.7","5.3",5.241,125.3,21.1,7,7.6,6.54,12.44
"53","EC_014_INC-D3","EC_014",-0.272,-1.118,0.181463012747034,0.745545824455213,"6.7","41.8","43.5","92","2.7","5.3",5.241,133.2,20.9,6.71,7.6,6.09,12.43
"54","EC_014_INC-D4","EC_014",-0.335,-1.376,0.180393811830688,0.741152982814272,"6.7","41.8","43.5","92","2.7","5.3",5.241,127.8,21.1,6.5,7.6,6.36,12.43
"55","EC_014_INC-D5","EC_014",-0.305,-1.255,0.219654771212495,0.903912128207165,"6.7","41.8","43.5","92","2.7","5.3",5.241,126.1,21.1,6.49,7.59,6.09,12.41
"56","EC_014_INC-W1","EC_014",-0.358,-1.471,0.16739459153759,0.687745325441124,"6.7","41.8","43.5","92","2.7","5.3",5.241,103.1,21.2,6.26,10.56,10.56,12.43
"57","EC_014_INC-W2","EC_014",-0.446,-1.838,0.181434061518773,0.74783342112205,"6.7","41.8","43.5","92","2.7","5.3",5.241,105.1,20.09,6.7,10.56,10.55,12.39
"58","EC_014_INC-W3","EC_014",-136.324,-560.547,0.0997189723031631,0.410028035148972,"6.7","41.8","43.5","92","2.7","5.3",5.241,104.6,21.1,7.07,10.59,11.55,12.42
"59","EC_014_INC-W4","EC_014",-137.274,-562.19,0.136719011305104,0.559912043972762,"6.7","41.8","43.5","92","2.7","5.3",5.241,103,21,6.89,10.6,10.6,12.47
"60","EC_014_INC-W5","EC_014",-9999,-9999,0.150733871633163,0.620792587938224,"6.7","41.8","43.5","92","2.7","5.3",5.241,102.7,21,6.88,10.6,10.6,12.4
"61","EC_017_INC-D1","EC_017",-0.429,-1.373,0.0495475697474032,0.158527262199374,"5.9","18.8","70.2","94.9","3.8","1.3",14.8885,280.7,20.7,6.41,4.03,1.68,15.88
"62","EC_017_INC-D2","EC_017",0,0,0.0507575280493452,0.161990482734368,"5.9","18.8","70.2","94.9","3.8","1.3",14.8885,280.8,20.8,5.87,4.04,1.74,15.92
"63","EC_017_INC-D3","EC_017",-0.337,-1.071,NA,NA,"5.9","18.8","70.2","94.9","3.8","1.3",14.8885,276.3,20.8,6.19,4.06,1.87,15.98
"64","EC_017_INC-D4","EC_017",-0.108,-0.346,NA,NA,"5.9","18.8","70.2","94.9","3.8","1.3",14.8885,279.6,20.8,6.29,4.04,1.85,15.88
"65","EC_017_INC-D5","EC_017",-5.228,-16.56,0.0856987244319848,0.271457655295529,"5.9","18.8","70.2","94.9","3.8","1.3",14.8885,279.6,20.6,6.11,4.07,1.89,16.04
"66","EC_017_INC-W1","EC_017",-1.347,-4.307,0.118226731742528,0.37802792865792,"5.9","18.8","70.2","94.9","3.8","1.3",14.8885,291.9,20.8,8.66,8.5,8.5,15.89
"67","EC_017_INC-W2","EC_017",-0.801,-2.555,0.114046148255814,0.363744927845662,"5.9","18.8","70.2","94.9","3.8","1.3",14.8885,280.5,20.8,6.93,8.53,8.53,15.93
"68","EC_017_INC-W3","EC_017",-0.756,-2.399,0.115095901675779,0.365258749053279,"5.9","18.8","70.2","94.9","3.8","1.3",14.8885,280.7,20.6,6.6,8.56,8.56,16.01
"69","EC_017_INC-W4","EC_017",-0.569,-1.819,0.0948547561193969,0.303296441089636,"5.9","18.8","70.2","94.9","3.8","1.3",14.8885,279.6,20.7,6.46,8.54,8.54,15.89
"70","EC_017_INC-W5","EC_017",-0.693,-2.213,0.116462572674419,0.371918943585284,"5.9","18.8","70.2","94.9","3.8","1.3",14.8885,279.2,20.7,6.41,8.59,8.59,15.91
"71","EC_018_INC-D1","EC_018",-0.099,-0.372,NA,NA,"2.7","4.5","91.6","98.8","1.2","0",2.19533333333333,538.3,21,6.64,6.62,5.55,13.38
"72","EC_018_INC-D2","EC_018",0,0,0.0361993455285377,0.136118196728833,"2.7","4.5","91.6","98.8","1.2","0",2.19533333333333,534.1,20.09,6.59,6.63,5.63,13.38
"73","EC_018_INC-D3","EC_018",0,0,NA,NA,"2.7","4.5","91.6","98.8","1.2","0",2.19533333333333,535.7,21.2,6.64,6.61,5.58,13.36
"74","EC_018_INC-D4","EC_018",0,0,NA,NA,"2.7","4.5","91.6","98.8","1.2","0",2.19533333333333,541.9,21.1,6.79,6.62,5.67,13.37
"75","EC_018_INC-D5","EC_018",0,0,0.0384120639534884,0.144330676745923,"2.7","4.5","91.6","98.8","1.2","0",2.19533333333333,571.6,21,6.45,6.63,5.52,13.39
"76","EC_018_INC-W1","EC_018",-0.271,-1.021,NA,NA,"2.7","4.5","91.6","98.8","1.2","0",2.19533333333333,525.8,21.6,6.2,9.6,9.6,13.35
"77","EC_018_INC-W2","EC_018",-0.463,-1.746,NA,NA,"2.7","4.5","91.6","98.8","1.2","0",2.19533333333333,536.8,21.1,6.2,9.6,9.59,13.34
"78","EC_018_INC-W3","EC_018",-132.996,-500.84,0.036457945802765,0.137295821050053,"2.7","4.5","91.6","98.8","1.2","0",2.19533333333333,533.1,20.4,6.51,9.66,9.66,13.36
"79","EC_018_INC-W4","EC_018",-0.466,-1.751,0.034858653746618,0.130978983368173,"2.7","4.5","91.6","98.8","1.2","0",2.19533333333333,527.5,20.9,6.4,9.53,9.53,13.39
"80","EC_018_INC-W5","EC_018",-0.201,-0.756,NA,NA,"2.7","4.5","91.6","98.8","1.2","0",2.19533333333333,527.2,21.02,6.69,9.62,9.58,13.37
"81","EC_021_INC-D1","EC_021",0,0,0.0394267399812498,0.125648941691969,"9","37.1","50","96.1","3.9","0",5.958,1186,20.8,7.37,4.14,2.38,15.95
"82","EC_021_INC-D2","EC_021",0,0,0.0416533356151134,0.13291153186766,"9","37.1","50","96.1","3.9","0",5.958,1183,20.7,7.49,4.14,2.23,15.93
"83","EC_021_INC-D3","EC_021",0,0,0.0461446220930233,0.147985948618957,"9","37.1","50","96.1","3.9","0",5.958,1185,20.8,7.42,4.12,2.47,15.85
"84","EC_021_INC-D4","EC_021",-0.331,-1.079,0.034858653746618,0.113583347986817,"9","37.1","50","96.1","3.9","0",5.958,1161,21,7.51,4.06,2.14,15.6
"85","EC_021_INC-D5","EC_021",-0.519,-1.665,0.0392265264998297,0.12587901316369,"9","37.1","50","96.1","3.9","0",5.958,1185,21,7.46,4.12,2.11,15.84
"86","EC_021_INC-W1","EC_021",-0.168,-0.537,NA,NA,"9","37.1","50","96.1","3.9","0",5.958,1190,20.6,8,12.65,12.65,15.91
"87","EC_021_INC-W2","EC_021",-0.15,-0.48,NA,NA,"9","37.1","50","96.1","3.9","0",5.958,1157,20.9,7.62,9.15,9.15,15.89
"88","EC_021_INC-W3","EC_021",-1.143,-3.67,NA,NA,"9","37.1","50","96.1","3.9","0",5.958,1157,20.9,7.46,9.15,9.15,15.83
"89","EC_021_INC-W4","EC_021",-0.12,-0.384,NA,NA,"9","37.1","50","96.1","3.9","0",5.958,1163,20.7,7.58,9.07,9.07,15.88
"90","EC_021_INC-W5","EC_021",-0.662,-2.122,NA,NA,"9","37.1","50","96.1","3.9","0",5.958,1143,20.1,7.4,9.1,9.1,15.86
"91","EC_022_INC-D1","EC_022",-0.496,-1.644,0.121840954777032,0.403952623277075,"12.7","54","24.5","91.2","2.7","6.1",31.5736666666667,80.29,21.5,6.59,4.36,2.59,15.64
"92","EC_022_INC-D2","EC_022",-0.231,-0.771,0.14533789885611,0.4852676155432,"12.7","54","24.5","91.2","2.7","6.1",31.5736666666667,87.94,21.7,6.54,4.34,2.65,15.53
"93","EC_022_INC-D3","EC_022",-0.187,-0.624,0.135170352237385,0.451028846497111,"12.7","54","24.5","91.2","2.7","6.1",31.5736666666667,87.03,21.6,6.53,4.34,2.48,15.54
"94","EC_022_INC-D4","EC_022",-0.301,-0.994,0.142999467893948,0.472289898643624,"12.7","54","24.5","91.2","2.7","6.1",31.5736666666667,88.78,21.1,6.55,4.38,2.42,15.7
"95","EC_022_INC-D5","EC_022",-0.259,-0.861,0.131719831071346,0.438105734479954,"12.7","54","24.5","91.2","2.7","6.1",31.5736666666667,46.98,21.4,6.61,4.35,2.39,15.59
"96","EC_022_INC-W1","EC_022",-8.908,-29.59,0.249555396931852,0.828968353434167,"12.7","54","24.5","91.2","2.7","6.1",31.5736666666667,83.39,20.7,7.86,8.34,8.33,15.61
"97","EC_022_INC-W2","EC_022",-4.843,-16.026,0.109070700055115,0.360921698146643,"12.7","54","24.5","91.2","2.7","6.1",31.5736666666667,70.91,21.1,7.64,8.26,8.26,15.67
"98","EC_022_INC-W3","EC_022",-99.795,-331.071,0.249073058814696,0.826307442016535,"12.7","54","24.5","91.2","2.7","6.1",31.5736666666667,71.7,21,6.81,8.25,8.25,15.63
"99","EC_022_INC-W4","EC_022",-5.137,-17.031,0.250266346603101,0.8297353497705,"12.7","54","24.5","91.2","2.7","6.1",31.5736666666667,73.32,20.8,6.76,8.25,8.25,15.64
"100","EC_022_INC-W5","EC_022",-11.869,-39.35,0.243278848736392,0.806568935008194,"12.7","54","24.5","91.2","2.7","6.1",31.5736666666667,72.09,21.3,6.62,8.28,8.28,15.64
"101","EC_023_INC-D1","EC_023",-268.622,NA,0.831674358753766,NA,"13.9","24.5","42.7","81.1","6.2","12.7",67.9295,122.7,21.5,6.38,NA,NA,NA
"102","EC_023_INC-D2","EC_023",-1.016,NA,0.284352214194929,NA,"13.9","24.5","42.7","81.1","6.2","12.7",67.9295,108.7,21.3,6.32,NA,NA,NA
"103","EC_023_INC-D3","EC_023",-213.236,NA,0.976643504582245,NA,"13.9","24.5","42.7","81.1","6.2","12.7",67.9295,117.4,21.2,6.41,NA,NA,NA
"104","EC_023_INC-D4","EC_023",-269.899,NA,0.67828125,NA,"13.9","24.5","42.7","81.1","6.2","12.7",67.9295,119.2,21,6.49,NA,NA,NA
"105","EC_023_INC-D5","EC_023",-245.434,NA,0.613666081403446,NA,"13.9","24.5","42.7","81.1","6.2","12.7",67.9295,117.2,21.5,6.57,NA,NA,NA
"106","EC_023_INC-W1","EC_023",-243.227,NA,1.56967857381765,NA,"13.9","24.5","42.7","81.1","6.2","12.7",67.9295,145.8,21.2,6.42,NA,NA,NA
"107","EC_023_INC-W2","EC_023",-271.999,NA,1.40046826097054,NA,"13.9","24.5","42.7","81.1","6.2","12.7",67.9295,139,21.1,6.46,NA,NA,NA
"108","EC_023_INC-W3","EC_023",-264.878,NA,1.35922965116279,NA,"13.9","24.5","42.7","81.1","6.2","12.7",67.9295,139.9,21.1,7.1,NA,NA,NA
"109","EC_023_INC-W4","EC_023",-257.059,NA,1.36792877906977,NA,"13.9","24.5","42.7","81.1","6.2","12.7",67.9295,137.1,21.1,6.9,NA,NA,NA
"110","EC_023_INC-W5","EC_023",-223.44,NA,1.37089349040362,NA,"13.9","24.5","42.7","81.1","6.2","12.7",67.9295,136.5,21.1,6.7,NA,NA,NA
"111","EC_024_INC-D1","EC_024",0,0,NA,NA,"4.2","8.7","83.6","96.5","3.4","0.1",4.797,238.4,21.5,6.42,2.86,1.41,17.21
"112","EC_024_INC-D2","EC_024",0,0,0.0377485516587398,0.11096313322286,"4.2","8.7","83.6","96.5","3.4","0.1",4.797,254.3,21.3,6.72,2.85,1.31,17.15
"113","EC_024_INC-D3","EC_024",0,0,0.0404581722007379,0.118720479345506,"4.2","8.7","83.6","96.5","3.4","0.1",4.797,248.7,21.7,5.99,2.86,1.26,17.18
"114","EC_024_INC-D4","EC_024",0,0,0.0318258559244532,0.0937171071681926,"4.2","8.7","83.6","96.5","3.4","0.1",4.797,254.3,21.7,6.08,2.85,1.49,17.12
"115","EC_024_INC-D5","EC_024",0,0,NA,NA,"4.2","8.7","83.6","96.5","3.4","0.1",4.797,262.9,21.6,6.24,2.84,1.53,17.08
"116","EC_024_INC-W1","EC_024",-4.103,-12.054,0.0335353968981079,0.0985209769128388,"4.2","8.7","83.6","96.5","3.4","0.1",4.797,226.9,21.7,6.3,5.86,5.86,17.16
"117","EC_024_INC-W2","EC_024",-1.146,-3.386,0.0510503252285491,0.150855805729592,"4.2","8.7","83.6","96.5","3.4","0.1",4.797,223.2,21.5,6.43,5.87,5.87,17.06
"118","EC_024_INC-W3","EC_024",-1.209,-3.546,0.0575551693826249,0.168791666904379,"4.2","8.7","83.6","96.5","3.4","0.1",4.797,223.4,21.4,6.58,5.84,5.84,17.19
"119","EC_024_INC-W4","EC_024",-1.564,-4.571,0.0476788201854365,0.139341006493241,"4.2","8.7","83.6","96.5","3.4","0.1",4.797,225.5,21,6.82,5.85,5.84,17.25
"120","EC_024_INC-W5","EC_024",-2.913,-8.568,0.061609738372093,0.181209553124406,"4.2","8.7","83.6","96.5","3.4","0.1",4.797,218.9,21.6,6.08,5.78,5.78,17.14
"121","EC_027_INC-D1","EC_027",-9999,-9999,0.0607171225429277,0.314141423839367,"46.5","25","1.1","72.6","15.7","11.7",34.066,1157,21.6,6.99,10,7.76,10.02
"122","EC_027_INC-D2","EC_027",-9999,-9999,2.75279689067271,14.2710496406254,"46.5","25","1.1","72.6","15.7","11.7",34.066,1102,21.8,7.08,9.97,7.55,10
"123","EC_027_INC-D3","EC_027",-3.299,-17.068,NA,NA,"46.5","25","1.1","72.6","15.7","11.7",34.066,1123,21.6,7.16,9.99,7.12,10.02
"124","EC_027_INC-D4","EC_027",-109.808,-568.696,0.113635525053502,0.588520768214149,"46.5","25","1.1","72.6","15.7","11.7",34.066,1117,22,7.12,9.98,7.12,10.01
"125","EC_027_INC-D5","EC_027",-7.881,-40.734,0.0772461724098875,0.399261821542711,"46.5","25","1.1","72.6","15.7","11.7",34.066,1037,21.8,7.03,10.01,6.99,10.03
"126","EC_027_INC-W1","EC_027",-182.577,-945.566,0.0411233070064262,0.212978469713002,"46.5","25","1.1","72.6","15.7","11.7",34.066,1097,21.4,6.44,12.72,12.72,10.01
"127","EC_027_INC-W2","EC_027",-265.758,-1377.737,3.23994471923238,16.7965214134445,"46.5","25","1.1","72.6","15.7","11.7",34.066,1078,21.6,7.17,12.57,12.57,10
"128","EC_027_INC-W3","EC_027",-244.014,-1265.012,0.0950147167034583,0.492575294334068,"46.5","25","1.1","72.6","15.7","11.7",34.066,1002,21.5,6.85,13.01,13.01,10
"129","EC_027_INC-W4","EC_027",-261.147,-1349.783,0.0638874162087535,0.330214499610588,"46.5","25","1.1","72.6","15.7","11.7",34.066,1070,21.5,6.92,12.95,12.95,10.03
"130","EC_027_INC-W5","EC_027",-9999,-9999,1.95269280919142,10.102944173064,"46.5","25","1.1","72.6","15.7","11.7",34.066,1033,21.4,7.11,12.88,12.88,10.02
"131","EC_032_INC-D1","EC_032",-221.433,-1195.112,0.163131731219479,0.88044433770608,"6.6","1.1","1.1","8.8","20.6","70.6",95.555,607.9,19.7,7.09,10.55,6.91,10.13
"132","EC_032_INC-D2","EC_032",-260.814,-1465.527,3.38263731465265,19.0070842655708,"6.6","1.1","1.1","8.8","20.6","70.6",95.555,616.1,20.2,7.35,10.14,6.18,9.73
"133","EC_032_INC-D3","EC_032",-185.851,-1035.79,2.86444522504206,15.9640992649057,"6.6","1.1","1.1","8.8","20.6","70.6",95.555,669.4,19.6,7.45,10.23,6.16,9.81
"134","EC_032_INC-D4","EC_032",-238.136,-1323.14,3.5645135868701,19.8051474933891,"6.6","1.1","1.1","8.8","20.6","70.6",95.555,642.1,19.5,7.51,10.25,7.35,9.84
"135","EC_032_INC-D5","EC_032",-132.501,-706.758,3.2175606593953,17.162311603036,"6.6","1.1","1.1","8.8","20.6","70.6",95.555,677.4,19.9,7.76,10.68,5.43,10.25
"136","EC_032_INC-W1","EC_032",-265.923,-1485.077,0.318454687854091,1.77843443810487,"6.6","1.1","1.1","8.8","20.6","70.6",95.555,603.7,19.8,6.74,14.22,14.2,9.79
"137","EC_032_INC-W2","EC_032",-267.866,-1502.065,0.318051464358337,1.7834695088065,"6.6","1.1","1.1","8.8","20.6","70.6",95.555,590.3,20.3,6.94,14.12,14.12,9.75
"138","EC_032_INC-W3","EC_032",-266.952,-1463.908,0.286020385978995,1.5684646502136,"6.6","1.1","1.1","8.8","20.6","70.6",95.555,589.5,19.9,7,14.38,14.37,9.97
"139","EC_032_INC-W4","EC_032",-265,-1444.51,2.77220178127651,15.1111254225056,"6.6","1.1","1.1","8.8","20.6","70.6",95.555,607.1,20.3,7.22,14.43,14.43,10.03
"140","EC_032_INC-W5","EC_032",-269.748,-1476.279,2.0435756263609,11.18402504705,"6.6","1.1","1.1","8.8","20.6","70.6",95.555,601.5,20.2,7.3,14.45,14.44,9.99
"141","EC_033_INC-D1","EC_033",0,0,0.0318366522943801,0.1008961578059,"0.8","6.2","92.1","99.1","0.9","0",5.349,1181,20.9,7.62,4.05,2.22,15.9
"142","EC_033_INC-D2","EC_033",0,0,0.0357539970930233,0.11260274459484,"0.8","6.2","92.1","99.1","0.9","0",5.349,1157,20.6,7.57,4.07,2.16,16
"143","EC_033_INC-D3","EC_033",0,0,NA,NA,"0.8","6.2","92.1","99.1","0.9","0",5.349,1176,20.9,7.36,4.06,2.22,15.97
"144","EC_033_INC-D4","EC_033",-0.18,-0.568,NA,NA,"0.8","6.2","92.1","99.1","0.9","0",5.349,1169,20.8,7.62,4.07,2.31,15.97
"145","EC_033_INC-D5","EC_033",0,0,0.0314853789144135,0.0997829083960565,"0.8","6.2","92.1","99.1","0.9","0",5.349,1189,20.9,7.66,4.05,1.79,15.9
"146","EC_033_INC-W1","EC_033",-0.034,-0.108,NA,NA,"0.8","6.2","92.1","99.1","0.9","0",5.349,1155,20.8,7.7,9.2,9.2,15.89
"147","EC_033_INC-W2","EC_033",0,0,NA,NA,"0.8","6.2","92.1","99.1","0.9","0",5.349,1131,21,7.67,9.43,9.08,16.08
"148","EC_033_INC-W3","EC_033",0,0,0.0328088654534453,0.103977278628875,"0.8","6.2","92.1","99.1","0.9","0",5.349,1144,20.8,7.46,9.21,9.21,15.9
"149","EC_033_INC-W4","EC_033",0,0,NA,NA,"0.8","6.2","92.1","99.1","0.9","0",5.349,1140,20.8,7.68,9.28,9.28,16.11
"150","EC_033_INC-W5","EC_033",0,0,NA,NA,"0.8","6.2","92.1","99.1","0.9","0",5.349,1137,20.7,7.63,9.13,9.79,15.83
"151","EC_034_INC-D1","EC_034",-1.368,-4.765,0.185095993043012,0.64466969530978,"80.7","4","0.6","85.3","3.4","11.3",14.807,494.9,20.9,6.5,5.24,3.39,14.79
"152","EC_034_INC-D2","EC_034",-1.323,-4.602,0.204245239963741,0.710403835314803,"80.7","4","0.6","85.3","3.4","11.3",14.807,500.8,21.7,6.45,5.25,3.42,14.81
"153","EC_034_INC-D3","EC_034",-1.093,-3.815,0.20087980631874,0.701065080155214,"80.7","4","0.6","85.3","3.4","11.3",14.807,479.3,20.7,6.3,5.23,3.16,14.76
"154","EC_034_INC-D4","EC_034",-1.113,-3.903,0.211786741588066,0.74265205123788,"80.7","4","0.6","85.3","3.4","11.3",14.807,489,21.7,6.85,5.21,2.86,14.69
"155","EC_034_INC-D5","EC_034",-1.866,-6.499,0.255010853298959,0.888175731922648,"80.7","4","0.6","85.3","3.4","11.3",14.807,481.6,20.6,7.22,5.24,3.08,14.79
"156","EC_034_INC-W1","EC_034",-224.555,-779.465,0.452813152864826,1.57178646431084,"80.7","4","0.6","85.3","3.4","11.3",14.807,415.5,21.9,6.7,8.27,8.27,14.84
"157","EC_034_INC-W2","EC_034",-258.728,-901.731,0.500847335200249,1.74557834444081,"80.7","4","0.6","85.3","3.4","11.3",14.807,409.6,21.8,6.57,8.25,8.25,14.78
"158","EC_034_INC-W3","EC_034",-206.353,-719.678,0.162925405780139,0.568220277762119,"80.7","4","0.6","85.3","3.4","11.3",14.807,419.5,21.7,6.45,8.21,8.2,14.77
"159","EC_034_INC-W4","EC_034",-252.83,-875.253,0.522775972976106,1.80976047849094,"80.7","4","0.6","85.3","3.4","11.3",14.807,423,21.7,6.42,8.23,8.23,14.88
"160","EC_034_INC-W5","EC_034",-243.593,-851.864,0.383389063244647,1.34074252721373,"80.7","4","0.6","85.3","3.4","11.3",14.807,403.4,21.1,6.42,8.19,8.19,14.73
"161","EC_035_INC-D1","EC_035",-265.215,-1800.585,0.319056429746189,2.16610386896673,"28.4","62.3","3.5","94.2","2.5","3.3",17.1256666666667,279.8,20.1,7.14,12.46,13.56,7.61
"162","EC_035_INC-D2","EC_035",-268.682,-1841.057,0.349510001342463,2.39488517498121,"28.4","62.3","3.5","94.2","2.5","3.3",17.1256666666667,261.7,19.8,7.06,12.34,10.49,7.54
"163","EC_035_INC-D3","EC_035",-117.402,-794.971,0.1249891187156,0.846338508314739,"28.4","62.3","3.5","94.2","2.5","3.3",17.1256666666667,254.5,20,7.16,12.49,8.51,7.63
"164","EC_035_INC-D4","EC_035",-269.861,-1834.538,0.169515073686265,1.15236793184222,"28.4","62.3","3.5","94.2","2.5","3.3",17.1256666666667,274.9,19.9,7.09,12.42,9.69,7.6
"165","EC_035_INC-D5","EC_035",-262.968,-1785.329,0.509980617271091,3.46230599097384,"28.4","62.3","3.5","94.2","2.5","3.3",17.1256666666667,274.9,18.8,6.86,12.45,9.73,7.61
"166","EC_035_INC-W1","EC_035",-268.417,-1822.324,0.472643531976744,3.20882103542424,"28.4","62.3","3.5","94.2","2.5","3.3",17.1256666666667,296.4,20.1,7.53,15.43,15.43,7.61
"167","EC_035_INC-W2","EC_035",-274.839,-1863.475,0.386135537790698,2.61806988975806,"28.4","62.3","3.5","94.2","2.5","3.3",17.1256666666667,282.8,20,7.11,15.46,15.46,7.62
"168","EC_035_INC-W3","EC_035",-264.923,-1800.969,0.249947857828739,1.69915211509497,"28.4","62.3","3.5","94.2","2.5","3.3",17.1256666666667,272.9,19.9,7.14,15.37,15.37,7.6
"169","EC_035_INC-W4","EC_035",-276.469,-1872.07,0.46992648269117,3.18201202204971,"28.4","62.3","3.5","94.2","2.5","3.3",17.1256666666667,283.5,20.1,7.07,15.43,15.43,7.63
"170","EC_035_INC-W5","EC_035",-270.133,-1833.974,0.312917877906977,2.12442866781392,"28.4","62.3","3.5","94.2","2.5","3.3",17.1256666666667,285.5,19.9,7.03,15.42,15.42,7.61
"171","EC_037_INC-D1","EC_037",-2.084,-6.105,NA,NA,"3.7","4.7","89.3","97.7","2.3","0",5.7255,361.1,21.1,6.34,2.71,1.07,17.2
"172","EC_037_INC-D2","EC_037",-1.616,-4.709,0.0505903347719038,0.14742298595417,"3.7","4.7","89.3","97.7","2.3","0",5.7255,358.6,21.4,6.28,2.73,1.1,17.29
"173","EC_037_INC-D3","EC_037",-1.517,-4.408,NA,NA,"3.7","4.7","89.3","97.7","2.3","0",5.7255,363.8,20.9,6.72,2.74,0.83,17.34
"174","EC_037_INC-D4","EC_037",-0.469,-1.36,0.0396151024267529,0.114908884321791,"3.7","4.7","89.3","97.7","2.3","0",5.7255,367.1,21.2,6.57,2.74,1.03,17.37
"175","EC_037_INC-D5","EC_037",-0.558,-1.636,0.0529297689191417,0.155227792620607,"3.7","4.7","89.3","97.7","2.3","0",5.7255,366.9,20.8,6.69,2.71,0.91,17.18
"176","EC_037_INC-W1","EC_037",-1.867,-5.409,0.0894776710968871,0.259243414637467,"3.7","4.7","89.3","97.7","2.3","0",5.7255,361.3,20.7,7.01,7.62,7.62,17.39
"177","EC_037_INC-W2","EC_037",-1.771,-5.116,0.0450080062465545,0.130027717128808,"3.7","4.7","89.3","97.7","2.3","0",5.7255,353,21,6.61,7.68,7.68,17.44
"178","EC_037_INC-W3","EC_037",-4.405,-12.941,0.0623814656769052,0.183266925169982,"3.7","4.7","89.3","97.7","2.3","0",5.7255,352.2,21.2,6.86,7.67,7.67,17.15
"179","EC_037_INC-W4","EC_037",-1.943,-5.588,0.0790106623610471,0.227218790662043,"3.7","4.7","89.3","97.7","2.3","0",5.7255,351,20.7,6.63,7.77,7.77,17.52
"180","EC_037_INC-W5","EC_037",-4.434,-12.65,0.0710008840916655,0.202565602722224,"3.7","4.7","89.3","97.7","2.3","0",5.7255,361.3,20.1,6.43,7.8,7.8,17.66
"181","EC_038_INC-D1","EC_038",-0.449,-1.39,0.12267791703909,0.379827679622316,"5.2","12.1","80.5","97.8","2.2","0",6.034,162.1,20.9,6.48,3.79,2.31,16.31
"182","EC_038_INC-D2","EC_038",-0.335,-1.034,0.138661709052714,0.428003605363321,"5.2","12.1","80.5","97.8","2.2","0",6.034,153.6,20.8,6.84,3.81,1.82,16.36
"183","EC_038_INC-D3","EC_038",-0.209,-0.66,0.175320182035622,0.553678458563779,"5.2","12.1","80.5","97.8","2.2","0",6.034,148.3,20.9,6.88,3.72,1.98,15.99
"184","EC_038_INC-D4","EC_038",-0.242,-0.745,0.163584525492724,0.503700693190949,"5.2","12.1","80.5","97.8","2.2","0",6.034,171.5,20.1,6.52,3.82,1.94,16.4
"185","EC_038_INC-D5","EC_038",-0.372,-1.168,0.164608058852292,0.516617635545247,"5.2","12.1","80.5","97.8","2.2","0",6.034,163.5,21.3,6.53,3.74,1.97,16.09
"186","EC_038_INC-W1","EC_038",-5.415,-16.714,0.151249001554767,0.466856484138915,"5.2","12.1","80.5","97.8","2.2","0",6.034,148.4,20.9,6.65,8.85,8.85,16.36
"187","EC_038_INC-W2","EC_038",-14.654,-45.992,0.176631540697674,0.554352985839102,"5.2","12.1","80.5","97.8","2.2","0",6.034,157.9,20.9,6.93,8.74,8.74,16.09
"188","EC_038_INC-W3","EC_038",-5.403,-16.821,0.149068101636968,0.464096238992825,"5.2","12.1","80.5","97.8","2.2","0",6.034,141.3,20.9,7.01,8.76,8.76,16.22
"189","EC_038_INC-W4","EC_038",-12.213,-38.33,0.155165086021524,0.486981138217212,"5.2","12.1","80.5","97.8","2.2","0",6.034,146.1,21.3,6.57,8.75,8.75,16.09
"190","EC_038_INC-W5","EC_038",-109.76,-342.565,0.219654771212495,0.685545527607453,"5.2","12.1","80.5","97.8","2.2","0",6.034,139.9,20.9,6.75,8.77,8.77,16.18
"191","EC_039_INC-D1","EC_039",0,0,0.0398619186046512,0.130559386187912,"3.7","25.3","67.9","96.9","3.1","0",5.336,527.9,20.6,7.74,4.59,1.95,15.46
"192","EC_039_INC-D2","EC_039",0,0,0.0340536145560149,0.112408006952958,"3.7","25.3","67.9","96.9","3.1","0",5.336,525.6,20.6,7.74,4.56,2.71,15.34
"193","EC_039_INC-D3","EC_039",0,0,0.0361993455285377,0.118486752435878,"3.7","25.3","67.9","96.9","3.1","0",5.336,521.5,20.4,7.46,4.59,2.73,15.47
"194","EC_039_INC-D4","EC_039",0,0,0.0340536145560149,0.106836358529019,"3.7","25.3","67.9","96.9","3.1","0",5.336,532.9,20.3,7.69,4.79,2.6,16.14
"195","EC_039_INC-D5","EC_039",0,0,NA,NA,"3.7","25.3","67.9","96.9","3.1","0",5.336,524.5,20.3,7.32,4.59,2.6,15.45
"196","EC_039_INC-W1","EC_039",-0.658,-2.134,0.034406555724762,0.111608607026204,"3.7","25.3","67.9","96.9","3.1","0",5.336,514.7,20.5,7.04,6.61,6.61,15.61
"197","EC_039_INC-W2","EC_039",-8.443,-27.87,0.0382412099391031,0.126230893512153,"3.7","25.3","67.9","96.9","3.1","0",5.336,506.2,20.5,7.16,6.54,6.54,15.34
"198","EC_039_INC-W3","EC_039",-0.418,-1.372,NA,NA,"3.7","25.3","67.9","96.9","3.1","0",5.336,499.9,20.2,7.45,6.55,6.55,15.43
"199","EC_039_INC-W4","EC_039",-0.526,-1.716,NA,NA,"3.7","25.3","67.9","96.9","3.1","0",5.336,512.2,20.2,7.47,6.61,6.61,15.52
"200","EC_039_INC-W5","EC_039",-10.591,-34.577,0.041502176414934,0.135493501286047,"3.7","25.3","67.9","96.9","3.1","0",5.336,486.8,20.4,7.61,6.61,6.61,15.51
"201","EC_040_INC-D1","EC_040",-0.791,-3.02,3.34468056923531,12.7697266750876,"35.7","1.8","3.8","41.3","17.7","41",68.869,528.2,20.1,7.52,6.44,2.58,13.95
"202","EC_040_INC-D2","EC_040",-0.273,-1.045,0.567850654069767,2.17268145371809,"35.7","1.8","3.8","41.3","17.7","41",68.869,534.3,19.7,7.35,6.43,2.22,13.92
"203","EC_040_INC-D3","EC_040",-0.247,-0.946,0.581842849020001,2.22942087329534,"35.7","1.8","3.8","41.3","17.7","41",68.869,544,20.1,7.27,6.42,2.46,13.9
"204","EC_040_INC-D4","EC_040",-0.279,-1.067,2.59198509236944,9.91020287290715,"35.7","1.8","3.8","41.3","17.7","41",68.869,542.2,19.9,7.5,6.43,2.57,13.93
"205","EC_040_INC-D5","EC_040",-0.441,-1.711,1.51368044911383,5.87171308957046,"35.7","1.8","3.8","41.3","17.7","41",68.869,526,19.9,7.54,6.34,2.45,13.73
"206","EC_040_INC-W1","EC_040",-208.29,-807.97,3.33202832076287,12.9252606237313,"35.7","1.8","3.8","41.3","17.7","41",68.869,486.1,20,7.45,9.12,9.12,13.73
"207","EC_040_INC-W2","EC_040",-246.264,-945.632,3.4260950376667,13.1560073328139,"35.7","1.8","3.8","41.3","17.7","41",68.869,502.3,19.9,7.17,8.98,8.98,13.87
"208","EC_040_INC-W3","EC_040",-233.337,-903.156,1.33447651125691,5.1652775428447,"35.7","1.8","3.8","41.3","17.7","41",68.869,479.2,19.9,7.3,9.16,9.16,13.76
"209","EC_040_INC-W4","EC_040",-256.415,-993.926,3.69116024121149,14.3079471940993,"35.7","1.8","3.8","41.3","17.7","41",68.869,499.9,20.3,7.28,9.15,9.14,13.74
"210","EC_040_INC-W5","EC_040",-169.462,-653.546,3.83488946753381,14.7897330225091,"35.7","1.8","3.8","41.3","17.7","41",68.869,494.8,20.2,7.35,9.23,9.23,13.81
"211","EC_041_INC-D1","EC_041",-6.566,-24.336,0.115873190077233,0.429472931431818,"7.2","31.9","55","94.1","4.1","1.8",11.21,234.7,20.3,7.39,6.27,4.21,13.74
"212","EC_041_INC-D2","EC_041",-0.838,-3.092,0.0512783944775773,0.189232138925007,"7.2","31.9","55","94.1","4.1","1.8",11.21,217.8,20.7,7.52,6.29,2.55,13.8
"213","EC_041_INC-D3","EC_041",-6.963,-25.733,0.115094405112624,0.425348162174563,"7.2","31.9","55","94.1","4.1","1.8",11.21,231.5,20.5,7.35,6.29,4.15,13.78
"214","EC_041_INC-D4","EC_041",-4.031,-14.962,0.116615388621854,0.432853883451644,"7.2","31.9","55","94.1","4.1","1.8",11.21,225.5,20.7,7.4,6.25,3.41,13.72
"215","EC_041_INC-D5","EC_041",-0.66,-2.446,0.0755788999353715,0.280125986761916,"7.2","31.9","55","94.1","4.1","1.8",11.21,227.3,20.5,7.12,6.26,3.3,13.74
"216","EC_041_INC-W1","EC_041",-142.104,-525.167,0.12420772292461,0.459027757449834,"7.2","31.9","55","94.1","4.1","1.8",11.21,258.6,20,7.44,9.76,9.76,13.78
"217","EC_041_INC-W2","EC_041",-157.769,-582.637,0.111766293023741,0.412749110843148,"7.2","31.9","55","94.1","4.1","1.8",11.21,249.9,20.7,7.23,9.76,9.76,13.79
"218","EC_041_INC-W3","EC_041",-133.324,-494.154,0.14218317666037,0.526988388253712,"7.2","31.9","55","94.1","4.1","1.8",11.21,254.2,19.9,7.23,9.5,9.5,13.74
"219","EC_041_INC-W4","EC_041",-96.174,-355.684,0.0972642381424001,0.359715220888879,"7.2","31.9","55","94.1","4.1","1.8",11.21,214.6,20.3,7.38,10.03,10.03,13.77
"220","EC_041_INC-W5","EC_041",-105.325,-389.245,0.0985023839873628,0.36402992793472,"7.2","31.9","55","94.1","4.1","1.8",11.21,236,20.4,7.23,10.3,10.31,13.78
"221","EC_042_INC-D1","EC_042",-0.183,-0.635,0.0625763081395349,0.217055411881397,"6.4","11.3","77","94.7","1.3","4",7.17733333333333,126,20.3,7.47,5.47,3.72,14.61
"222","EC_042_INC-D2","EC_042",-0.393,-1.369,0.058932857714362,0.205260510679775,"6.4","11.3","77","94.7","1.3","4",7.17733333333333,110.6,20.2,7.42,5.44,3.63,14.55
"223","EC_042_INC-D3","EC_042",-0.481,-1.681,0.0330302864737805,0.115439712250467,"6.4","11.3","77","94.7","1.3","4",7.17733333333333,117.6,19.8,7.4,5.43,3.64,14.5
"224","EC_042_INC-D4","EC_042",-5.319,-18.564,0.0521830373111161,0.1821267067366,"6.4","11.3","77","94.7","1.3","4",7.17733333333333,120.4,20.7,7.39,5.44,3.52,14.52
"225","EC_042_INC-D5","EC_042",-0.37,-1.29,NA,NA,"6.4","11.3","77","94.7","1.3","4",7.17733333333333,112.2,20.2,7.36,5.44,3.92,14.53
"226","EC_042_INC-W1","EC_042",-9.132,-31.763,0.0685576896392008,0.238455596283169,"6.4","11.3","77","94.7","1.3","4",7.17733333333333,113.5,20.2,7.24,8.42,8.42,14.57
"227","EC_042_INC-W2","EC_042",-3.199,-11.096,NA,NA,"6.4","11.3","77","94.7","1.3","4",7.17733333333333,113.7,20.5,7.46,8.46,8.46,14.61
"228","EC_042_INC-W3","EC_042",-3.291,-11.502,NA,NA,"6.4","11.3","77","94.7","1.3","4",7.17733333333333,114.2,20.3,7.41,8.4,8.4,14.5
"229","EC_042_INC-W4","EC_042",-2.763,-9.584,0.0394089905679308,0.136696058522315,"6.4","11.3","77","94.7","1.3","4",7.17733333333333,115.9,20.5,7.11,8.45,8.45,14.61
"230","EC_042_INC-W5","EC_042",-3.115,-10.827,0.0547452623312738,0.190282967020711,"6.4","11.3","77","94.7","1.3","4",7.17733333333333,114.3,20.3,7.06,8.45,8.45,14.58
"231","EC_044_INC-D1","EC_044",0,0,NA,NA,"12","23.3","59.7","95","2.6","2.4",9.6572,129.4,20.7,5.7,3.53,1.2,16.42
"232","EC_044_INC-D2","EC_044",0,0,0.0321904151853349,0.0997549776611721,"12","23.3","59.7","95","2.6","2.4",9.6572,125.4,20.7,5.42,3.53,1.18,16.41
"233","EC_044_INC-D3","EC_044",0,0,0.0550853924418605,0.169979214917836,"12","23.3","59.7","95","2.6","2.4",9.6572,129.6,20.9,5.29,3.54,1.22,16.48
"234","EC_044_INC-D4","EC_044",0,0,0.0419096588890016,0.128931148426037,"12","23.3","59.7","95","2.6","2.4",9.6572,42.01,20.9,5.44,3.55,1.19,16.53
"235","EC_044_INC-D5","EC_044",-0.042,-0.129,0.0485029860849272,0.149486203113746,"12","23.3","59.7","95","2.6","2.4",9.6572,39.58,20.7,5.63,3.54,1.13,16.5
"236","EC_044_INC-W1","EC_044",-2.498,-7.689,0.0689724068837551,0.212315605766319,"12","23.3","59.7","95","2.6","2.4",9.6572,131.7,19.8,7.18,7.07,7.07,16.52
"237","EC_044_INC-W2","EC_044",-1.016,-3.145,0.0656510885578655,0.203198710068967,"12","23.3","59.7","95","2.6","2.4",9.6572,121.7,20.7,6.21,7.04,7.04,16.43
"238","EC_044_INC-W3","EC_044",-5.858,-18.131,0.0734662769850795,0.227387740932578,"12","23.3","59.7","95","2.6","2.4",9.6572,120.6,20.1,5.92,7.05,7.05,16.43
"239","EC_044_INC-W4","EC_044",-9.288,-28.66,0.0796888415047442,0.245899068995192,"12","23.3","59.7","95","2.6","2.4",9.6572,122.4,20.7,5.88,7.05,7.05,16.48
"240","EC_044_INC-W5","EC_044",-3.858,-11.934,0.0615640613672967,0.190432920481213,"12","23.3","59.7","95","2.6","2.4",9.6572,123.3,20.9,5.98,7.04,7.04,16.44
"241","EC_051_INC-D1","EC_051",-2.553,-8.996,0.167883614852446,0.591548203640208,"6","6.6","72","84.6","4.3","11.1",64.1443333333333,37.3,21.2,7.45,5.31,3.48,14.77
"242","EC_051_INC-D2","EC_051",-13.03,-46.005,0.075968887497094,0.268225835278919,"6","6.6","72","84.6","4.3","11.1",64.1443333333333,43.55,21.2,7.61,5.3,3.55,14.74
"243","EC_051_INC-D3","EC_051",-0.202,-0.715,0.126570878354961,0.447799335297569,"6","6.6","72","84.6","4.3","11.1",64.1443333333333,43.6,21.2,7.23,5.29,3.37,14.71
"244","EC_051_INC-D4","EC_051",-0.241,-0.85,0.162994533610141,0.575099966960851,"6","6.6","72","84.6","4.3","11.1",64.1443333333333,41.98,21.2,7.23,5.31,3.3,14.75
"245","EC_051_INC-D5","EC_051",-0.141,-0.499,0.143927116765147,0.508858623492429,"6","6.6","72","84.6","4.3","11.1",64.1443333333333,40.67,21.1,7.2,5.3,3.44,14.72
"246","EC_051_INC-W1","EC_051",-1.433,-5.059,0.216285519151275,0.763646355033231,"6","6.6","72","84.6","4.3","11.1",64.1443333333333,53.91,20.7,7.6,9.35,9.35,14.74
"247","EC_051_INC-W2","EC_051",-0.71,-2.503,0.185728761386864,0.654870049380525,"6","6.6","72","84.6","4.3","11.1",64.1443333333333,45.19,20.9,7.59,9.28,9.28,14.76
"248","EC_051_INC-W3","EC_051",-0.672,-2.381,0.165194620169178,0.585243268717803,"6","6.6","72","84.6","4.3","11.1",64.1443333333333,44.63,20.8,7.75,9.29,9.29,14.69
"249","EC_051_INC-W4","EC_051",-1.589,-5.606,0.171794879846291,0.606150571650205,"6","6.6","72","84.6","4.3","11.1",64.1443333333333,40.23,20.9,7.47,9.31,9.31,14.75
"250","EC_051_INC-W5","EC_051",-8.997,-31.744,0.230463854753963,0.813154602912575,"6","6.6","72","84.6","4.3","11.1",64.1443333333333,39.76,21.1,7.19,9.3,9.3,14.75
"251","EC_052_INC-D1","EC_052",-3.74,-16.038,0.311718287836939,1.33675108231403,"11.7","12.2","49.7","73.6","3.3","23.1",78.826,61.2,21,6.34,7.73,5.69,12.34
"252","EC_052_INC-D2","EC_052",-0.743,-3.181,0.193467190480065,0.828308801442076,"11.7","12.2","49.7","73.6","3.3","23.1",78.826,41.62,20.6,6.59,7.74,5.13,12.36
"253","EC_052_INC-D3","EC_052",-3.912,-16.789,0.276404628544136,1.18627576101367,"11.7","12.2","49.7","73.6","3.3","23.1",78.826,47.12,20.8,6.5,7.71,5.21,12.33
"254","EC_052_INC-D4","EC_052",-6.731,-28.935,0.151819834331305,0.652640291888221,"11.7","12.2","49.7","73.6","3.3","23.1",78.826,41.82,20.9,6.65,7.7,4.8,12.31
"255","EC_052_INC-D5","EC_052",-3.155,-13.596,0.219026769250841,0.943848418177199,"11.7","12.2","49.7","73.6","3.3","23.1",78.826,45.57,20.1,6.3,7.69,5.25,12.28
"256","EC_052_INC-W1","EC_052",-4.521,-19.435,0.510741743735971,2.19556714825509,"11.7","12.2","49.7","73.6","3.3","23.1",78.826,63.11,20.1,7.24,10.71,10.71,12.31
"257","EC_052_INC-W2","EC_052",-9.522,-40.966,0.278093524566759,1.19643521406697,"11.7","12.2","49.7","73.6","3.3","23.1",78.826,54.42,20.8,6.61,10.67,10.67,12.3
"258","EC_052_INC-W3","EC_052",-6.74,-28.903,0.317077298392718,1.35973229143808,"11.7","12.2","49.7","73.6","3.3","23.1",78.826,53.87,21.2,6.61,10.72,10.72,12.34
"259","EC_052_INC-W4","EC_052",-4.736,-20.392,0.331394373365537,1.42691028883299,"11.7","12.2","49.7","73.6","3.3","23.1",78.826,53.65,21.2,6.6,10.68,10.68,12.29
"260","EC_052_INC-W5","EC_052",-5.045,-21.617,0.283609594224658,1.21522692365833,"11.7","12.2","49.7","73.6","3.3","23.1",78.826,54.7,20.2,6.63,10.72,10.72,12.35
"261","EC_053_INC-D1","EC_053",-0.472,-1.744,0.0762133415592093,0.281631683826739,"5.3","5.1","75.2","85.6","4.6","9.8",66.2013333333333,34.22,20.4,5.73,6.19,4.46,13.85
"262","EC_053_INC-D2","EC_053",-0.469,-1.746,0.0664351790745973,0.247302547033483,"5.3","5.1","75.2","85.6","4.6","9.8",66.2013333333333,35.58,20.6,5.43,6.16,4.01,13.8
"263","EC_053_INC-D3","EC_053",-0.345,-1.244,0.0422342269251827,0.152300108680239,"5.3","5.1","75.2","85.6","4.6","9.8",66.2013333333333,34.53,20.4,5.57,6.17,4.21,13.81
"264","EC_053_INC-D4","EC_053",-0.527,-1.971,0.0696130818820962,0.260371007559009,"5.3","5.1","75.2","85.6","4.6","9.8",66.2013333333333,34.37,20.4,5.64,6.2,4.05,13.86
"265","EC_053_INC-D5","EC_053",-0.355,-1.34,0.0808579687394,0.305132132213253,"5.3","5.1","75.2","85.6","4.6","9.8",66.2013333333333,34.46,20.4,5.73,6.18,4.34,13.83
"266","EC_053_INC-W1","EC_053",-0.726,-2.691,0.10530337495093,0.390246394597775,"5.3","5.1","75.2","85.6","4.6","9.8",66.2013333333333,41.3,20.5,6.35,9.19,9.18,13.84
"267","EC_053_INC-W2","EC_053",-2.559,-9.542,0.0837914174847836,0.312456981432389,"5.3","5.1","75.2","85.6","4.6","9.8",66.2013333333333,38.88,20.4,6.59,9.2,9.19,13.8
"268","EC_053_INC-W3","EC_053",-0.724,-2.702,0.0803690606151694,0.2999592001831,"5.3","5.1","75.2","85.6","4.6","9.8",66.2013333333333,37.74,20.6,6.07,9.18,9.17,13.82
"269","EC_053_INC-W4","EC_053",-1.349,-4.994,0.0769467037455552,0.284858251744909,"5.3","5.1","75.2","85.6","4.6","9.8",66.2013333333333,35.75,20.8,5.75,9.2,9.22,13.86
"270","EC_053_INC-W5","EC_053",-1.236,-4.493,0.0872137743543977,0.317003110262072,"5.3","5.1","75.2","85.6","4.6","9.8",66.2013333333333,37.27,20.7,5.62,9.16,9.16,13.8
"271","EC_056_INC-D1","EC_056",0,0,NA,NA,"3","25.3","70.2","98.5","1.5","0",2.183,20.85,20.9,7.12,2.89,0.61,17.09
"272","EC_056_INC-D2","EC_056",0,0,NA,NA,"3","25.3","70.2","98.5","1.5","0",2.183,15.05,20.4,6.03,2.9,0.34,17.18
"273","EC_056_INC-D3","EC_056",0,0,NA,NA,"3","25.3","70.2","98.5","1.5","0",2.183,16.68,20.2,5.94,2.89,0.43,17.07
"274","EC_056_INC-D4","EC_056",0,0,0.0398619186046512,0.117978683729775,"3","25.3","70.2","98.5","1.5","0",2.183,21.28,20.6,5.27,2.89,0.57,17.09
"275","EC_056_INC-D5","EC_056",0,0,NA,NA,"3","25.3","70.2","98.5","1.5","0",2.183,18.72,20.7,5.42,2.9,0.69,17.19
"276","EC_056_INC-W1","EC_056",0,0,NA,NA,"3","25.3","70.2","98.5","1.5","0",2.183,20.42,21,5.33,6.92,6.92,17.03
"277","EC_056_INC-W2","EC_056",0,0,0.0339839506540276,0.100876890142686,"3","25.3","70.2","98.5","1.5","0",2.183,14.49,21,5.48,7.38,7.38,17.04
"278","EC_056_INC-W3","EC_056",0,0,NA,NA,"3","25.3","70.2","98.5","1.5","0",2.183,16.04,21,5.5,7.36,7.36,17.07
"279","EC_056_INC-W4","EC_056",0,0,NA,NA,"3","25.3","70.2","98.5","1.5","0",2.183,15.61,20.7,5.34,7.39,7.39,17.03
"280","EC_056_INC-W5","EC_056",0,0,NA,NA,"3","25.3","70.2","98.5","1.5","0",2.183,15.64,21,5.37,7.37,7.37,17.03
"281","EC_057_INC-D1","EC_057",-0.124,NA,0.0416734175731555,NA,"5","51.9","40.7","97.6","2.4","0",NA,15.33,20.9,7.57,2.94,0.34,17.12
"282","EC_057_INC-D2","EC_057",0,NA,0.043652654082977,NA,"5","51.9","40.7","97.6","2.4","0",NA,18.72,20.6,8.92,2.94,0.4,17.13
"283","EC_057_INC-D3","EC_057",-0.188,NA,0.0421682267006109,NA,"5","51.9","40.7","97.6","2.4","0",NA,15.39,21,8.8,2.92,0.53,17
"284","EC_057_INC-D4","EC_057",0,NA,0.0473637225388925,NA,"5","51.9","40.7","97.6","2.4","0",NA,15.02,20.1,7.34,2.93,0.79,17.06
"285","EC_057_INC-D5","EC_057",0,NA,0.0411786084457001,NA,"5","51.9","40.7","97.6","2.4","0",NA,15.2,21,8.23,2.94,0.26,17.08
"286","EC_057_INC-W1","EC_057",-0.209,NA,0.0396941810633339,NA,"5","51.9","40.7","97.6","2.4","0",NA,14.8,21.1,8.24,8.55,8.55,17.14
"287","EC_057_INC-W2","EC_057",-0.051,NA,0.0399415856270616,NA,"5","51.9","40.7","97.6","2.4","0",NA,14.97,21,7.94,7.97,7.97,17.12
"288","EC_057_INC-W3","EC_057",-0.317,NA,0.0419208221368832,NA,"5","51.9","40.7","97.6","2.4","0",NA,15.11,21.1,6.73,7.94,7.94,17.07
"289","EC_057_INC-W4","EC_057",-0.156,NA,NA,NA,"5","51.9","40.7","97.6","2.4","0",NA,15.03,21,6.73,7.96,7.96,17.1
"290","EC_057_INC-W5","EC_057",-0.064,NA,0.0431578449555216,NA,"5","51.9","40.7","97.6","2.4","0",NA,14.86,20.9,7.12,7.87,7.87,17.08
"291","EC_063_INC-D1","EC_063",-0.376,-1.146,0.226459255092346,0.690286886972319,"6","44.3","47","97.3","1.9","0.8",2.17475,119.5,20.7,7.73,3.39,0.96,16.69
"292","EC_063_INC-D2","EC_063",-0.288,-0.883,0.206296027100236,0.632235185704663,"6","44.3","47","97.3","1.9","0.8",2.17475,120.6,20.7,7,3.37,0.84,16.6
"293","EC_063_INC-D3","EC_063",0,0,0.170817239756846,0.520368638047291,"6","44.3","47","97.3","1.9","0.8",2.17475,125.8,20.7,6.78,3.39,1.12,16.7
"294","EC_063_INC-D4","EC_063",-0.404,-1.24,0.263632373205316,0.809416617649201,"6","44.3","47","97.3","1.9","0.8",2.17475,120.6,20.6,6.55,3.37,0.28,16.57
"295","EC_063_INC-D5","EC_063",-0.464,-1.417,0.237346351880236,0.724775408496707,"6","44.3","47","97.3","1.9","0.8",2.17475,116.2,20.6,6.69,3.38,0.81,16.66
"296","EC_063_INC-W1","EC_063",-3.746,-11.515,0.275733326643923,0.847592583666642,"6","44.3","47","97.3","1.9","0.8",2.17475,107.6,20.7,6.64,7.91,7.91,16.55
"297","EC_063_INC-W2","EC_063",-9.49,-28.979,0.356219820823265,1.08777473976967,"6","44.3","47","97.3","1.9","0.8",2.17475,113.7,20.7,6.4,7.87,7.87,16.66
"298","EC_063_INC-W3","EC_063",-5.04,-15.418,0.349692827097632,1.06976986685297,"6","44.3","47","97.3","1.9","0.8",2.17475,111.6,20.9,6.44,7.91,7.91,16.63
"299","EC_063_INC-W4","EC_063",-3.697,-11.358,0.285038599238757,0.875667493820806,"6","44.3","47","97.3","1.9","0.8",2.17475,111.6,20.8,6.51,7.87,7.87,16.56
"300","EC_063_INC-W5","EC_063",-5.037,-15.391,0.349913131147785,1.06915799603678,"6","44.3","47","97.3","1.9","0.8",2.17475,112.8,20.4,6.28,7.88,7.88,16.65
"301","EC_064_INC-D1","EC_064",-0.69,-3.891,NA,NA,"7.2","15.2","67.7","90.1","2.3","7.6",2.01433333333333,291.4,20.9,7.5,11.01,8.55,9
"302","EC_064_INC-D2","EC_064",-0.645,-3.637,NA,NA,"7.2","15.2","67.7","90.1","2.3","7.6",2.01433333333333,286.2,21,7.37,11.01,8.47,9
"303","EC_064_INC-D3","EC_064",-0.596,-3.361,0.0310976648738351,0.175352821631362,"7.2","15.2","67.7","90.1","2.3","7.6",2.01433333333333,295.2,21.2,7.26,11,8.44,9
"304","EC_064_INC-D4","EC_064",-0.814,-4.59,NA,NA,"7.2","15.2","67.7","90.1","2.3","7.6",2.01433333333333,290.2,20.9,7.34,11,8.51,9
"305","EC_064_INC-D5","EC_064",-0.958,-5.408,NA,NA,"7.2","15.2","67.7","90.1","2.3","7.6",2.01433333333333,290.4,20.9,7.16,11,8.73,8.99
"306","EC_064_INC-W1","EC_064",-149.567,-842.431,0.0606431686046512,0.341573825029683,"7.2","15.2","67.7","90.1","2.3","7.6",2.01433333333333,314.9,20.9,7.2,14.02,14.02,9.01
"307","EC_064_INC-W2","EC_064",-32.074,-180.856,NA,NA,"7.2","15.2","67.7","90.1","2.3","7.6",2.01433333333333,300.9,21,7.13,13.99,13.99,9
"308","EC_064_INC-W3","EC_064",-107.447,-606.538,NA,NA,"7.2","15.2","67.7","90.1","2.3","7.6",2.01433333333333,312.3,21,7.3,13.97,13.97,8.99
"309","EC_064_INC-W4","EC_064",-129.087,-727.886,0.0411971596212829,0.232301628180054,"7.2","15.2","67.7","90.1","2.3","7.6",2.01433333333333,306.2,20.9,7.26,13.98,13.98,9
"310","EC_064_INC-W5","EC_064",-119.436,-673.466,0.0358224465558192,0.201994815584586,"7.2","15.2","67.7","90.1","2.3","7.6",2.01433333333333,306.6,20.9,7.33,13.99,13.99,9
"311","EC_065_INC-D1","EC_065",-2.838,-9.75,0.123564328167023,0.424507293527219,"14.2","52.1","26.9","93.2","4.9","1.9",11.5686666666667,30.11,19.5,5.71,5.12,3.33,14.81
"312","EC_065_INC-D2","EC_065",-4.808,-16.338,0.159932799034994,0.543449504371928,"14.2","52.1","26.9","93.2","4.9","1.9",11.5686666666667,31.24,19.4,5.93,5.15,3.57,14.9
"313","EC_065_INC-D3","EC_065",-4.896,-16.515,0.18937394211859,0.638802752970308,"14.2","52.1","26.9","93.2","4.9","1.9",11.5686666666667,31.76,19.5,5.76,5.15,3.29,14.87
"314","EC_065_INC-D4","EC_065",-3.078,-10.47,0.19580646077551,0.666031660122749,"14.2","52.1","26.9","93.2","4.9","1.9",11.5686666666667,34.78,19.6,5.65,5.14,3.43,14.87
"315","EC_065_INC-D5","EC_065",-2.345,-8.041,0.1421196704466,0.487335709218031,"14.2","52.1","26.9","93.2","4.9","1.9",11.5686666666667,31.89,19.9,5.85,5.14,3.33,14.87
"316","EC_065_INC-W1","EC_065",-6.498,-22.381,0.18294142346167,0.630104285372677,"14.2","52.1","26.9","93.2","4.9","1.9",11.5686666666667,33.03,19.3,5.65,7.16,7.15,14.9
"317","EC_065_INC-W2","EC_065",-4.411,-14.959,0.190363560373501,0.645569622923198,"14.2","52.1","26.9","93.2","4.9","1.9",11.5686666666667,31.98,19.5,5.67,7.19,7.19,14.85
"318","EC_065_INC-W3","EC_065",-7.415,-25.697,0.193332415138233,0.670010313191609,"14.2","52.1","26.9","93.2","4.9","1.9",11.5686666666667,32.25,19.5,5.57,7.17,7.17,14.82
"319","EC_065_INC-W4","EC_065",-5.754,-19.926,0.187394705608768,0.64893624806163,"14.2","52.1","26.9","93.2","4.9","1.9",11.5686666666667,32.67,19.6,5.81,7.18,7.18,14.84
"320","EC_065_INC-W5","EC_065",-6.982,-24.004,0.213372184800176,0.733574721597372,"14.2","52.1","26.9","93.2","4.9","1.9",11.5686666666667,36.77,19.3,7.14,7.18,7.18,14.84
"321","EC_066_INC-D1","EC_066",-0.177,-0.567,0.0379688984385098,0.121661993491827,"1.2","0.5","94.5","96.2","2.1","1.7",10.0276666666667,37.11,20.1,6.11,4.19,1.78,15.75
"322","EC_066_INC-D2","EC_066",0,0,0.0560025074777899,0.179446256817881,"1.2","0.5","94.5","96.2","2.1","1.7",10.0276666666667,38.61,20.4,5.98,4.2,1.79,15.75
"323","EC_066_INC-D3","EC_066",-0.14,-0.445,0.0604108325554519,0.192229097514249,"1.2","0.5","94.5","96.2","2.1","1.7",10.0276666666667,46.63,20.3,6.22,4.23,1.79,15.86
"324","EC_066_INC-D4","EC_066",-0.162,-0.516,0.0589516715116279,0.187822853925336,"1.2","0.5","94.5","96.2","2.1","1.7",10.0276666666667,43.97,19.6,6.17,4.22,1.76,15.84
"325","EC_066_INC-D5","EC_066",-0.09,-0.287,0.0530591016640717,0.169369619461145,"1.2","0.5","94.5","96.2","2.1","1.7",10.0276666666667,37.32,20.3,7.84,4.21,1.46,15.81
"326","EC_066_INC-W1","EC_066",-0.368,-1.175,0.0597135002008959,0.190611082519836,"1.2","0.5","94.5","96.2","2.1","1.7",10.0276666666667,37.21,20.2,7.6,10.23,10.23,15.81
"327","EC_066_INC-W2","EC_066",-0.362,-1.161,0.0514128976758285,0.164844644663662,"1.2","0.5","94.5","96.2","2.1","1.7",10.0276666666667,36.85,19.5,6.9,10.12,10.12,15.74
"328","EC_066_INC-W3","EC_066",-0.451,-1.441,0.0529875942869851,0.169355599802487,"1.2","0.5","94.5","96.2","2.1","1.7",10.0276666666667,37.44,18.9,6.04,10.06,10.06,15.79
"329","EC_066_INC-W4","EC_066",-0.352,-1.123,0.0483059067496152,0.154099506696133,"1.2","0.5","94.5","96.2","2.1","1.7",10.0276666666667,35.2,20.3,6.14,10.07,10.07,15.82
"330","EC_066_INC-W5","EC_066",-0.399,-1.272,0.0385992107159447,0.123056624586329,"1.2","0.5","94.5","96.2","2.1","1.7",10.0276666666667,35.18,20.5,5.94,10.02,10.02,15.83
"331","EC_068_INC-D1","EC_068",-125.655,-807.384,0.524173163723103,3.3680185700022,"14.3","0.9","6.9","22.1","26.9","51",57.538,273.8,21.9,6.8,11.63,5.62,8.27
"332","EC_068_INC-D2","EC_068",-248.984,-1599.823,0.835209617268573,5.36655001722097,"14.3","0.9","6.9","22.1","26.9","51",57.538,284.6,21.9,6.74,11.65,6.26,8.27
"333","EC_068_INC-D3","EC_068",-262.127,-1674.15,0.880964411410736,5.62652486701246,"14.3","0.9","6.9","22.1","26.9","51",57.538,202.5,21.6,6.72,11.7,6.24,8.32
"334","EC_068_INC-D4","EC_068",-251.195,-1600.483,1.05817070436314,6.74209531036555,"14.3","0.9","6.9","22.1","26.9","51",57.538,282.4,21.8,6.69,11.73,6.37,8.34
"335","EC_068_INC-D5","EC_068",-227.617,-1450.256,1.12809170870513,7.18759439054837,"14.3","0.9","6.9","22.1","26.9","51",57.538,259.7,21.7,6.74,11.75,6.35,8.34
"336","EC_068_INC-W1","EC_068",-259.426,-1658.893,1.22315308000352,7.82140894888412,"14.3","0.9","6.9","22.1","26.9","51",57.538,307.2,21.7,6.91,15.63,15.63,8.31
"337","EC_068_INC-W2","EC_068",-265.563,-1696.095,1.15715992642608,7.39052453971503,"14.3","0.9","6.9","22.1","26.9","51",57.538,322.1,21.9,6.78,14.67,14.67,8.32
"338","EC_068_INC-W3","EC_068",-260.234,-1668.075,1.09270713582937,7.00413411142353,"14.3","0.9","6.9","22.1","26.9","51",57.538,312.1,21.9,6.84,14.6,14.6,8.29
"339","EC_068_INC-W4","EC_068",-249.396,-1598.604,1.19689430565742,7.67196255898962,"14.3","0.9","6.9","22.1","26.9","51",57.538,307.9,21.8,6.81,14.63,14.63,8.29
"340","EC_068_INC-W5","EC_068",-266.835,-1710.387,1.02759952173798,6.58680137347559,"14.3","0.9","6.9","22.1","26.9","51",57.538,294.5,21.8,6.78,14.58,14.58,8.29
"341","EC_069_INC-D1","EC_069",-1.58,-5.043,0.0819288553169864,0.2614835546024,"5.9","5.5","83.3","94.7","3.3","2",6.542,1650,20.9,6.97,4.12,2.19,15.82
"342","EC_069_INC-D2","EC_069",-3.05,-9.741,0.0886996140681903,0.283272119792346,"5.9","5.5","83.3","94.7","3.3","2",6.542,1667,20.9,6.84,4.11,1.26,15.81
"343","EC_069_INC-D3","EC_069",-4.122,-13.139,0.0698382146898367,0.222613718302055,"5.9","5.5","83.3","94.7","3.3","2",6.542,1622,21,6.98,4.12,2.17,15.84
"344","EC_069_INC-D4","EC_069",-7.678,-24.459,0.0821706681295294,0.261758940348774,"5.9","5.5","83.3","94.7","3.3","2",6.542,1624,21.1,6.62,4.12,2.34,15.85
"345","EC_069_INC-D5","EC_069",-0.58,-1.842,0.0720145300027236,0.228684631092297,"5.9","5.5","83.3","94.7","3.3","2",6.542,1610,21.3,6.83,4.13,2.42,15.9
"346","EC_069_INC-W1","EC_069",-151.061,-478.798,0.359288151303801,1.13878330492657,"5.9","5.5","83.3","94.7","3.3","2",6.542,1277,21.3,6.61,8.19,8.18,15.93
"347","EC_069_INC-W2","EC_069",-215.615,-683.406,0.280215361602242,0.888157804310031,"5.9","5.5","83.3","94.7","3.3","2",6.542,1256,21.2,6.57,8.61,8.61,15.93
"348","EC_069_INC-W3","EC_069",-242.011,-769.485,0.30028582504331,0.954768991956031,"5.9","5.5","83.3","94.7","3.3","2",6.542,1241,21.3,6.48,8.59,8.58,15.88
"349","EC_069_INC-W4","EC_069",-218.605,-698.142,0.315761845046062,1.00842070323977,"5.9","5.5","83.3","94.7","3.3","2",6.542,1243,21.3,6.41,8.6,8.6,15.81
"350","EC_069_INC-W5","EC_069",-182.199,-581.507,0.229676483780756,0.733033839606457,"5.9","5.5","83.3","94.7","3.3","2",6.542,1278,21.2,6.57,8.56,8.56,15.82
"351","EC_070_INC-D1","EC_070",-1.161,-4.068,0.296790143277283,1.04001897482766,"37.2","46.1","4","87.3","3.4","9.3",3.45175,147.3,21,6.89,5.31,2.78,14.68
"352","EC_070_INC-D2","EC_070",-2.258,-7.902,0.31146140324454,1.0899454085514,"37.2","46.1","4","87.3","3.4","9.3",3.45175,146.8,20.7,7.01,5.32,3.02,14.7
"353","EC_070_INC-D3","EC_070",0,0,0.274725118710544,0.962042856140762,"37.2","46.1","4","87.3","3.4","9.3",3.45175,137.3,20.1,7.25,5.32,3.15,14.69
"354","EC_070_INC-D4","EC_070",-0.095,-0.333,0.357675992766369,1.25337659536019,"37.2","46.1","4","87.3","3.4","9.3",3.45175,149.3,21.1,7.05,5.32,3.22,14.68
"355","EC_070_INC-D5","EC_070",-0.647,-2.258,0.282714847990209,0.986663311418747,"37.2","46.1","4","87.3","3.4","9.3",3.45175,151.9,21.1,6.97,5.33,3.32,14.74
"356","EC_070_INC-W1","EC_070",-3.663,-12.88,0.35670802001357,1.25425659367998,"37.2","46.1","4","87.3","3.4","9.3",3.45175,176.7,20.7,6.96,8.8,8.8,14.63
"357","EC_070_INC-W2","EC_070",-3.214,-11.301,0.325253667016761,1.14365681057254,"37.2","46.1","4","87.3","3.4","9.3",3.45175,170.2,21.2,6.53,8.81,8.81,14.63
"358","EC_070_INC-W3","EC_070",-2.742,-9.609,0.286921660954257,1.00543760782077,"37.2","46.1","4","87.3","3.4","9.3",3.45175,158.3,20.8,6.62,8.81,8.81,14.68
"359","EC_070_INC-W4","EC_070",-0.306,-1.074,0.274961486781164,0.964840982469074,"37.2","46.1","4","87.3","3.4","9.3",3.45175,162.2,21.2,6.71,8.83,8.83,14.66
"360","EC_070_INC-W5","EC_070",0,0,0.282075990326687,0.989805804528339,"37.2","46.1","4","87.3","3.4","9.3",3.45175,167.2,21.2,6.74,8.81,8.81,14.66
"361","EC_071_INC-D1","EC_071",-6.135,-31.068,0.0449539680814558,0.227653036083092,"27.2","21.6","2.5","51.3","1.7","47",46.784,576.4,20,6.71,9.47,5.27,10.54
"362","EC_071_INC-D2","EC_071",-282.068,-1425.717,0.0962987176129926,0.486746245389308,"27.2","21.6","2.5","51.3","1.7","47",46.784,444.3,20.3,6.41,9.48,6.18,10.56
"363","EC_071_INC-D3","EC_071",-2.994,-15.105,0.0611560318836569,0.308531602818721,"27.2","21.6","2.5","51.3","1.7","47",46.784,604.3,19.4,6.69,9.49,2.88,10.58
"364","EC_071_INC-D4","EC_071",-287.049,-1455.027,0.120405030447377,0.610326581686535,"27.2","21.6","2.5","51.3","1.7","47",46.784,426.1,20,6.54,9.46,6.32,10.53
"365","EC_071_INC-D5","EC_071",-6.601,-33.492,0.0735474381303085,0.373162362893854,"27.2","21.6","2.5","51.3","1.7","47",46.784,564.6,20.1,6.67,9.44,5.93,10.52
"366","EC_071_INC-W1","EC_071",-286.487,-1448.052,0.365305898172958,1.84645526712877,"27.2","21.6","2.5","51.3","1.7","47",46.784,485.6,19.2,7.56,11.47,11.47,10.56
"367","EC_071_INC-W2","EC_071",-283.662,-1435.132,0.409630237253054,2.07245720792597,"27.2","21.6","2.5","51.3","1.7","47",46.784,466.9,19.7,6.73,11.46,11.46,10.55
"368","EC_071_INC-W3","EC_071",-284.81,-1439.576,0.305627450339454,1.54480783989761,"27.2","21.6","2.5","51.3","1.7","47",46.784,476,20.1,6.4,11.47,11.47,10.56
"369","EC_071_INC-W4","EC_071",-282.348,-1429.84,0.305136794922522,1.54525441800612,"27.2","21.6","2.5","51.3","1.7","47",46.784,457.6,19.2,6.47,11.41,11.42,10.54
"370","EC_071_INC-W5","EC_071",-289.075,-1461.134,0.311651663885102,1.57525750109197,"27.2","21.6","2.5","51.3","1.7","47",46.784,464.7,19.7,6.59,11.44,11.44,10.56
"371","EC_072_INC-D1","EC_072",-267.471,-1430.718,0.199479553992157,1.06703572247669,"11.6","4.7","1.2","17.5","44.5","38",99.0613333333333,935.2,20.9,7.01,10.03,6.46,9.98
"372","EC_072_INC-D2","EC_072",-237.513,-1273.022,0.0847186031752292,0.454078103605064,"11.6","4.7","1.2","17.5","44.5","38",99.0613333333333,932.2,20.8,6.96,10.02,5.96,9.96
"373","EC_072_INC-D3","EC_072",-268.511,-1437.721,0.0774726814657698,0.414824636646806,"11.6","4.7","1.2","17.5","44.5","38",99.0613333333333,947.2,21.1,7.01,10.03,5.59,9.97
"374","EC_072_INC-D4","EC_072",-198.072,-1053.167,0.0423908191550849,0.225397558742535,"11.6","4.7","1.2","17.5","44.5","38",99.0613333333333,915.7,21.1,6.98,10.09,5.65,10.04
"375","EC_072_INC-D5","EC_072",-9999,-9999,NA,NA,"11.6","4.7","1.2","17.5","44.5","38",99.0613333333333,NA,NA,NA,NA,NA,NA
"376","EC_072_INC-W1","EC_072",-263.514,-1415.224,0.292998168568994,1.57358292061239,"11.6","4.7","1.2","17.5","44.5","38",99.0613333333333,972.3,20.1,6.88,12.89,12.89,9.94
"377","EC_072_INC-W2","EC_072",-245.652,-1320.623,0.0889677398126439,0.478293436269706,"11.6","4.7","1.2","17.5","44.5","38",99.0613333333333,956.4,20.9,6.86,12.88,12.88,9.93
"378","EC_072_INC-W3","EC_072",-266.809,-1430.042,0.205356231817985,1.1006764135915,"11.6","4.7","1.2","17.5","44.5","38",99.0613333333333,967.5,21.2,6.84,12.97,12.97,9.96
"379","EC_072_INC-W4","EC_072",-272.588,-1462.485,0.170349269534568,0.913962352244561,"11.6","4.7","1.2","17.5","44.5","38",99.0613333333333,942.7,20.9,6.86,12.95,12.95,9.95
"380","EC_072_INC-W5","EC_072",-9999,-9999,NA,NA,"11.6","4.7","1.2","17.5","44.5","38",99.0613333333333,NA,NA,NA,NA,NA,NA
"381","EC_073_INC-D1","EC_073",-0.291,-1.354,0.209121556152111,0.97278110254994,"5.7","2.6","87.1","95.4","0.4","4.2",4.4186,102.5,21.2,8.04,9.11,6.87,10.86
"382","EC_073_INC-D2","EC_073",-0.338,-1.567,0.17117481977553,0.79334032526791,"5.7","2.6","87.1","95.4","0.4","4.2",4.4186,103.2,21.2,7.7,9.16,6.93,10.9
"383","EC_073_INC-D3","EC_073",-0.243,-1.126,0.199751991614683,0.925786340586291,"5.7","2.6","87.1","95.4","0.4","4.2",4.4186,105.5,21.3,7.49,9.15,6.45,10.9
"384","EC_073_INC-D4","EC_073",-0.313,-1.451,0.191304738194146,0.886636033402924,"5.7","2.6","87.1","95.4","0.4","4.2",4.4186,104.6,21.3,7.46,9.15,7.14,10.9
"385","EC_073_INC-D5","EC_073",-0.175,-0.813,0.216349214273055,1.00455235355204,"5.7","2.6","87.1","95.4","0.4","4.2",4.4186,103,21.4,7.5,9.14,6.96,10.88
"386","EC_073_INC-W1","EC_073",-2.151,-9.987,0.282761229069626,1.31291652299075,"5.7","2.6","87.1","95.4","0.4","4.2",4.4186,110.4,21.3,8.05,12.12,12.12,10.88
"387","EC_073_INC-W2","EC_073",-2.455,-11.378,0.229575860714893,1.06401039739403,"5.7","2.6","87.1","95.4","0.4","4.2",4.4186,109.4,21.2,7.86,12.13,12.13,10.9
"388","EC_073_INC-W3","EC_073",-1.913,-8.907,0.173048732683016,0.805721279048902,"5.7","2.6","87.1","95.4","0.4","4.2",4.4186,108.8,21.3,7.7,12.05,12.05,10.85
"389","EC_073_INC-W4","EC_073",-3.681,-17.107,0.268758115561025,1.24904530652363,"5.7","2.6","87.1","95.4","0.4","4.2",4.4186,110.5,21.2,7.5,12.09,12.09,10.87
"390","EC_073_INC-W5","EC_073",-2.367,-10.99,0.250578634865648,1.16348634891018,"5.7","2.6","87.1","95.4","0.4","4.2",4.4186,110.6,21.4,7.4,12.08,12.08,10.88
"391","EC_074_INC-D1","EC_074",0,0,0.033207981961914,0.10053214742713,"2.2","20.2","75.9","98.3","1.7","0",6.0076,123.3,21,6.66,3.27,1.17,16.71
"392","EC_074_INC-D2","EC_074",-4.074,-12.341,0.0306313517141215,0.0927873167163032,"2.2","20.2","75.9","98.3","1.7","0",6.0076,119.7,20.9,6.78,3.27,1.31,16.7
"393","EC_074_INC-D3","EC_074",-4.608,-13.975,0.0326431884606618,0.0990000584328238,"2.2","20.2","75.9","98.3","1.7","0",6.0076,115.9,21.2,6.78,3.27,1.25,16.68
"394","EC_074_INC-D4","EC_074",-0.515,-1.558,0.0363825777620382,0.110076881653602,"2.2","20.2","75.9","98.3","1.7","0",6.0076,119,20.9,6.77,3.27,1.19,16.72
"395","EC_074_INC-D5","EC_074",-0.348,-1.052,NA,NA,"2.2","20.2","75.9","98.3","1.7","0",6.0076,146.7,21.2,7.16,3.28,1.3,16.74
"396","EC_074_INC-W1","EC_074",-0.588,-1.774,NA,NA,"2.2","20.2","75.9","98.3","1.7","0",6.0076,104.1,20.3,7.09,6.75,6.75,16.77
"397","EC_074_INC-W2","EC_074",-0.609,-1.843,NA,NA,"2.2","20.2","75.9","98.3","1.7","0",6.0076,108.3,20.9,7.02,6.72,6.72,16.72
"398","EC_074_INC-W3","EC_074",-0.551,-1.666,NA,NA,"2.2","20.2","75.9","98.3","1.7","0",6.0076,102.6,20.7,6.94,6.76,6.76,16.73
"399","EC_074_INC-W4","EC_074",-0.637,-1.924,0.0310998299409928,0.0939251998343286,"2.2","20.2","75.9","98.3","1.7","0",6.0076,100.9,20.8,6.88,6.78,6.78,16.75
"400","EC_074_INC-W5","EC_074",-0.516,-1.56,NA,NA,"2.2","20.2","75.9","98.3","1.7","0",6.0076,106.3,20.9,6.84,6.76,6.76,16.73
"401","EC_075_INC-D1","EC_075",-1.25,-4.385,0.280985034059444,0.98578278093525,"59","26.1","1.4","86.5","3.8","9.7",10.907,212.2,21.8,7.68,5.29,1.45,14.68
"402","EC_075_INC-D2","EC_075",-2.22,-7.794,0.266055760322523,0.934042519981635,"59","26.1","1.4","86.5","3.8","9.7",10.907,205.2,21.9,7.2,5.29,1.89,14.67
"403","EC_075_INC-D3","EC_075",-15.2,-53.146,0.288209183038346,1.00769513542708,"59","26.1","1.4","86.5","3.8","9.7",10.907,204.3,21.9,7.27,5.31,2,14.73
"404","EC_075_INC-D4","EC_075",-3.07,-10.778,0.249761479771829,0.876838154819956,"59","26.1","1.4","86.5","3.8","9.7",10.907,203.5,21.9,7.26,5.29,1.74,14.67
"405","EC_075_INC-D5","EC_075",-1.305,-4.557,0.277573187700816,0.96919147884525,"59","26.1","1.4","86.5","3.8","9.7",10.907,202.3,21.9,7.24,5.32,1.71,14.75
"406","EC_075_INC-W1","EC_075",-234.909,-821.898,0.55626392226379,1.94624351388789,"59","26.1","1.4","86.5","3.8","9.7",10.907,205.3,21.8,7.05,8.31,8.31,14.72
"407","EC_075_INC-W2","EC_075",-197.057,-690.87,0.594720142823803,2.08504266819003,"59","26.1","1.4","86.5","3.8","9.7",10.907,213.2,21.8,6.84,8.25,8.25,14.69
"408","EC_075_INC-W3","EC_075",-172.808,-605.442,0.324835678189337,1.13807395225219,"59","26.1","1.4","86.5","3.8","9.7",10.907,228.7,21.8,6.89,8.33,8.33,14.7
"409","EC_075_INC-W4","EC_075",-232.201,-815.749,0.472171764422807,1.65878514401797,"59","26.1","1.4","86.5","3.8","9.7",10.907,211.6,21.6,6.93,8.25,8.25,14.66
"410","EC_075_INC-W5","EC_075",-140.222,-489.278,0.437270452638465,1.52576577586627,"59","26.1","1.4","86.5","3.8","9.7",10.907,221.4,21.6,6.84,8.28,8.28,14.76
"411","EC_076_INC-D1","EC_076",-2.316,-7.69,0.0763995563112965,0.253662158576279,"27.9","28.4","13.6","69.9","4.7","25.4",12.886,737.6,20.1,7.19,4.52,0.56,15.64
"412","EC_076_INC-D2","EC_076",-0.576,-1.93,0.0685780880907019,0.229749868282192,"27.9","28.4","13.6","69.9","4.7","25.4",12.886,719.4,21.1,7.28,4.47,0.66,15.5
"413","EC_076_INC-D3","EC_076",-6.404,-21.496,0.12089568586431,0.4058093843285,"27.9","28.4","13.6","69.9","4.7","25.4",12.886,735.7,20.9,7.57,4.47,0.96,15.47
"414","EC_076_INC-D4","EC_076",-9.37,-31.25,0.0606570936197126,0.20229939354428,"27.9","28.4","13.6","69.9","4.7","25.4",12.886,702.7,20.8,7.64,4.49,1.19,15.57
"415","EC_076_INC-D5","EC_076",-0.777,-2.6,0.043479956133182,0.145478554257982,"27.9","28.4","13.6","69.9","4.7","25.4",12.886,711.6,21.1,7.72,4.48,0.73,15.52
"416","EC_076_INC-W1","EC_076",-141.068,-476.912,0.138021116847298,0.46661201534157,"27.9","28.4","13.6","69.9","4.7","25.4",12.886,712.1,21.2,7.29,9.53,9.53,15.36
"417","EC_076_INC-W2","EC_076",-143.999,-478.105,0.12089568586431,0.40139841275971,"27.9","28.4","13.6","69.9","4.7","25.4",12.886,712.8,21.3,7.39,9.39,9.39,15.64
"418","EC_076_INC-W3","EC_076",-135.456,-451.763,0.122367652115108,0.408112231151787,"27.9","28.4","13.6","69.9","4.7","25.4",12.886,715.3,21.2,7.46,9.43,9.43,15.57
"419","EC_076_INC-W4","EC_076",-110.8,-371.201,0.157204186717327,0.526664452119828,"27.9","28.4","13.6","69.9","4.7","25.4",12.886,707.3,20.2,7.47,9.25,9.25,15.5
"420","EC_076_INC-W5","EC_076",-106.543,-355.106,0.134307835091833,0.447646807487079,"27.9","28.4","13.6","69.9","4.7","25.4",12.886,696.3,21.3,7.52,9.42,9.42,15.58
"421","EC_078_INC-D1","EC_078",-125.016,-543.801,0.181050201359038,0.78754572576152,"39.1","34.1","5.2","78.4","1.3","20.3",23.7903333333333,574.9,21.2,6.62,7.93,5.35,11.99
"422","EC_078_INC-D2","EC_078",-112.081,-481.909,0.172236446754608,0.740559924195103,"39.1","34.1","5.2","78.4","1.3","20.3",23.7903333333333,603.4,21.5,7,8.02,5.32,12.13
"423","EC_078_INC-D3","EC_078",-0.818,-3.526,0.151005703029153,0.650884499296319,"39.1","34.1","5.2","78.4","1.3","20.3",23.7903333333333,788.1,21.2,6.86,8,4.25,12.1
"424","EC_078_INC-D4","EC_078",-2.175,-9.306,0.150433951454018,0.643632710261224,"39.1","34.1","5.2","78.4","1.3","20.3",23.7903333333333,787.7,20.9,6.85,8.07,4.06,12.19
"425","EC_078_INC-D5","EC_078",-2.341,-10.158,0.150093299566319,0.651257573950197,"39.1","34.1","5.2","78.4","1.3","20.3",23.7903333333333,714.7,20.8,6.73,7.95,5.52,12.02
"426","EC_078_INC-W1","EC_078",-252.972,-1102.229,0.620211200231732,2.70234880100969,"39.1","34.1","5.2","78.4","1.3","20.3",23.7903333333333,482.5,21.1,6.76,10.87,10.87,11.97
"427","EC_078_INC-W2","EC_078",-252.034,-1087.242,0.377835563343971,1.62994324286227,"39.1","34.1","5.2","78.4","1.3","20.3",23.7903333333333,492.2,21,6.68,10.96,10.96,12.09
"428","EC_078_INC-W3","EC_078",-245.413,-1053.452,0.465108702457262,1.9965221709184,"39.1","34.1","5.2","78.4","1.3","20.3",23.7903333333333,500.05,21.2,6.66,10.96,10.96,12.15
"429","EC_078_INC-W4","EC_078",-201.781,-870.457,0.312186766063811,1.34674117320579,"39.1","34.1","5.2","78.4","1.3","20.3",23.7903333333333,516.4,21.2,6.64,11.91,11.91,12.09
"430","EC_078_INC-W5","EC_078",-215.714,-930.562,0.248359208783813,1.07139574310337,"39.1","34.1","5.2","78.4","1.3","20.3",23.7903333333333,529.5,21.1,6.65,10.91,10.91,12.09
"431","EC_080_INC-D1","EC_080",-242.811,-2980.007,0.209458988620654,2.57069503848056,"43.9","33","2","78.9","13.5","7.6",80.5323333333333,237.5,21,6.56,15.74,12.48,4.3
"432","EC_080_INC-D2","EC_080",-279.998,-3452.459,0.267757290784703,3.30154749155886,"43.9","33","2","78.9","13.5","7.6",80.5323333333333,236.1,20.8,6.27,15.68,12.85,4.28
"433","EC_080_INC-D3","EC_080",-275.556,-3374.038,0.19606205915762,2.40069120881305,"43.9","33","2","78.9","13.5","7.6",80.5323333333333,248.7,21,6.68,15.8,13.46,4.31
"434","EC_080_INC-D4","EC_080",-279.074,-3425.061,0.238869923558442,2.93165612694726,"43.9","33","2","78.9","13.5","7.6",80.5323333333333,245.7,20.8,6.46,15.74,13.39,4.3
"435","EC_080_INC-D5","EC_080",-274.648,-3362.92,0.225274763086948,2.75838755154307,"43.9","33","2","78.9","13.5","7.6",80.5323333333333,226.7,21,6.47,15.79,13.1,4.31
"436","EC_080_INC-W1","EC_080",-290.188,-3578.105,0.256203617952683,3.15908638641002,"43.9","33","2","78.9","13.5","7.6",80.5323333333333,256.5,20.5,6.83,16.66,16.66,4.28
"437","EC_080_INC-W2","EC_080",-261.133,-3212.342,0.251050357457098,3.0883290360002,"43.9","33","2","78.9","13.5","7.6",80.5323333333333,235.2,20.7,6.64,16.69,16.69,4.29
"438","EC_080_INC-W3","EC_080",-276.502,-3409.352,0.272197815580088,3.35630082229522,"43.9","33","2","78.9","13.5","7.6",80.5323333333333,241.7,20.7,6.63,16.69,16.69,4.28
"439","EC_080_INC-W4","EC_080",-273.925,-3369.704,0.223118330999523,2.74471953383888,"43.9","33","2","78.9","13.5","7.6",80.5323333333333,265.6,21.4,6.45,16.72,16.72,4.29
"440","EC_080_INC-W5","EC_080",-279.381,-3436.821,0.244386107651101,3.00634788931916,"43.9","33","2","78.9","13.5","7.6",80.5323333333333,257.2,20.5,6.55,16.69,16.69,4.29
"441","EC_081_INC-D1","EC_081",-0.981,-3.335,0.136094925326617,0.462686235064132,"27.4","61.2","1.7","90.3","1.1","8.6",5.2445,70.67,19.7,6.35,5.13,3.39,14.91
"442","EC_081_INC-D2","EC_081",-0.164,-0.552,0.0870069243803893,0.292839782325155,"27.4","61.2","1.7","90.3","1.1","8.6",5.2445,80.1,19.8,6.32,5.14,0.99,14.93
"443","EC_081_INC-D3","EC_081",-0.519,-1.782,0.102482944383141,0.351970677178683,"27.4","61.2","1.7","90.3","1.1","8.6",5.2445,75.08,19.7,6.43,5.11,3,14.87
"444","EC_081_INC-D4","EC_081",-0.206,-0.708,0.0920849934437921,0.316426286196118,"27.4","61.2","1.7","90.3","1.1","8.6",5.2445,80.7,19.6,6.45,5.12,1.97,14.9
"445","EC_081_INC-D5","EC_081",-9.342,-31.925,0.139722117514762,0.477485149420013,"27.4","61.2","1.7","90.3","1.1","8.6",5.2445,71.83,19.7,6.5,5.14,3.25,14.95
"446","EC_081_INC-W1","EC_081",-183.637,-632.225,0.218069468778692,0.750769449711836,"27.4","61.2","1.7","90.3","1.1","8.6",5.2445,82.17,19.6,6.61,8.05,8.04,14.86
"447","EC_081_INC-W2","EC_081",-188.625,-667.793,0.207429705026801,0.734368068602947,"27.4","61.2","1.7","90.3","1.1","8.6",5.2445,86.29,19.8,6.55,8.05,8.05,14.88
"448","EC_081_INC-W3","EC_081",-197.578,-692.649,0.194855438774565,0.683104881606071,"27.4","61.2","1.7","90.3","1.1","8.6",5.2445,83.54,19.8,6.58,8.07,8.08,14.91
"449","EC_081_INC-W4","EC_081",-158.552,-535.683,0.179863044396899,0.607684439631262,"27.4","61.2","1.7","90.3","1.1","8.6",5.2445,79.16,19.5,6.51,8.07,8.07,14.95
"450","EC_081_INC-W5","EC_081",-168.114,-568.923,0.176961290646383,0.598863628990681,"27.4","61.2","1.7","90.3","1.1","8.6",5.2445,80.65,19.8,6.53,8.06,8.06,14.89
"451","EC_082_INC-D1","EC_082",-0.82,-2.712,0.0995799520685378,0.329298783295429,"51.7","34.9","7","93.6","2","4.4",7.0035,114.4,19.6,6.76,4.81,2.76,15.12
"452","EC_082_INC-D2","EC_082",-0.86,-2.901,0.11408468062962,0.384894789362159,"51.7","34.9","7","93.6","2","4.4",7.0035,116.1,19.8,6.6,4.82,2.84,15.17
"453","EC_082_INC-D3","EC_082",-1.528,-5.214,0.112855466344783,0.385062553593009,"51.7","34.9","7","93.6","2","4.4",7.0035,115.1,19.8,6.62,4.82,3.16,15.17
"454","EC_082_INC-D4","EC_082",-0.728,-2.371,0.103759280636985,0.337882785664029,"51.7","34.9","7","93.6","2","4.4",7.0035,118.2,19.8,6.83,4.84,3.21,15.21
"455","EC_082_INC-D5","EC_082",-0.745,-2.54,0.104005123493953,0.354634786586453,"51.7","34.9","7","93.6","2","4.4",7.0035,121.2,19.5,6.69,4.81,3.14,15.13
"456","EC_082_INC-W1","EC_082",-215.999,-735.818,0.110397037775108,0.376076224736518,"51.7","34.9","7","93.6","2","4.4",7.0035,128.6,19.6,7.34,7.78,7.78,15.2
"457","EC_082_INC-W2","EC_082",-173.605,-595.922,0.139898180611208,0.480218523537946,"51.7","34.9","7","93.6","2","4.4",7.0035,123.1,19.8,6.83,7.76,7.76,15.14
"458","EC_082_INC-W3","EC_082",-181.327,-609.593,0.134489637757923,0.452132926936175,"51.7","34.9","7","93.6","2","4.4",7.0035,124.8,19.7,6.67,7.78,7.78,15.2
"459","EC_082_INC-W4","EC_082",-152.657,-508.021,0.118264009198068,0.393565838757039,"51.7","34.9","7","93.6","2","4.4",7.0035,127.1,19.6,6.57,7.8,7.8,15.22
"460","EC_082_INC-W5","EC_082",-197.419,-676.586,0.101546694924278,0.348016655841345,"51.7","34.9","7","93.6","2","4.4",7.0035,133.3,19.7,6.53,7.77,7.77,15.17
"461","EC_084_INC-D1","EC_084",-31.983,-113.782,0.135860676080756,0.4833320309017,"1.9","1.2","93.6","96.7","1.4","1.9",4.29733333333333,178.5,21.5,6.75,5.78,3.28,14.16
"462","EC_084_INC-D2","EC_084",-7.256,-25.705,0.15879030906182,0.562521928198957,"1.9","1.2","93.6","96.7","1.4","1.9",4.29733333333333,171.1,21.2,6.7,5.81,3.44,14.22
"463","EC_084_INC-D3","EC_084",-116.876,-414.625,0.113495523676187,0.402629366562528,"1.9","1.2","93.6","96.7","1.4","1.9",4.29733333333333,171.6,21,6.79,5.8,3.45,14.2
"464","EC_084_INC-D4","EC_084",-1.153,-4.093,0.100288158353138,0.356026495915387,"1.9","1.2","93.6","96.7","1.4","1.9",4.29733333333333,165.1,21.3,6.72,5.8,3.11,14.19
"465","EC_084_INC-D5","EC_084",-6.579,-23.405,0.104405783328498,0.371429472822959,"1.9","1.2","93.6","96.7","1.4","1.9",4.29733333333333,167.1,21.1,6.79,5.78,3.32,14.16
"466","EC_084_INC-W1","EC_084",-160.484,-571.339,0.3741499698626,1.33200033440484,"1.9","1.2","93.6","96.7","1.4","1.9",4.29733333333333,229.8,20.8,7.2,7.79,8.49,14.15
"467","EC_084_INC-W2","EC_084",-159.882,-567.992,0.123641633338565,0.439241698126249,"1.9","1.2","93.6","96.7","1.4","1.9",4.29733333333333,197.3,21.2,6.97,7.82,8.63,14.18
"468","EC_084_INC-W3","EC_084",-183.289,-652.528,0.0899083405303407,0.32008004623434,"1.9","1.2","93.6","96.7","1.4","1.9",4.29733333333333,192.4,21.3,6.89,7.77,9.06,14.15
"469","EC_084_INC-W4","EC_084",-172.674,-615.607,0.105879795276772,0.377473084718146,"1.9","1.2","93.6","96.7","1.4","1.9",4.29733333333333,198.5,21.3,6.88,7.76,8.75,14.13
"470","EC_084_INC-W5","EC_084",-138.873,-485.482,0.114205747238362,0.399244588281228,"1.9","1.2","93.6","96.7","1.4","1.9",4.29733333333333,189.2,21.5,6.74,7.67,8.12,14.41
"471","EC_085_INC-D1","EC_085",-0.945,-3.286,0.276433453031962,0.961316362085158,"34.6","39","3.4","77","3.1","19.9",6.01133333333333,146.3,21.2,6.76,5.05,1.51,14.89
"472","EC_085_INC-D2","EC_085",-0.584,-2.027,0.26885253007821,0.93307324798792,"34.6","39","3.4","77","3.1","19.9",6.01133333333333,140,21.4,6.78,5.06,2.19,14.92
"473","EC_085_INC-D3","EC_085",-0.471,-1.636,0.263676412191712,0.915722890657214,"34.6","39","3.4","77","3.1","19.9",6.01133333333333,141.6,21.4,6.69,5.06,2.16,14.91
"474","EC_085_INC-D4","EC_085",-0.498,-1.725,0.283141115997786,0.980690978426848,"34.6","39","3.4","77","3.1","19.9",6.01133333333333,146.5,21.2,6.73,5.08,1.93,14.95
"475","EC_085_INC-D5","EC_085",-0.556,-1.923,0.273537312346923,0.94616136076393,"34.6","39","3.4","77","3.1","19.9",6.01133333333333,146.1,21,6.68,5.08,1.9,14.97
"476","EC_085_INC-W1","EC_085",-190.61,-660.196,0.87380642314747,3.02652644795981,"34.6","39","3.4","77","3.1","19.9",6.01133333333333,152.4,21,7.09,8.12,8.12,14.95
"477","EC_085_INC-W2","EC_085",-165.006,-574.975,0.964143187714113,3.35964323035158,"34.6","39","3.4","77","3.1","19.9",6.01133333333333,147.3,21.1,6.99,8.09,8.09,14.86
"478","EC_085_INC-W3","EC_085",-192.034,-663.796,0.97334317666181,3.36453157748499,"34.6","39","3.4","77","3.1","19.9",6.01133333333333,152.1,21.3,6.9,8.02,8.02,14.98
"479","EC_085_INC-W4","EC_085",-172.448,-598.892,1.03409838573553,3.59132451453866,"34.6","39","3.4","77","3.1","19.9",6.01133333333333,157.9,20.8,6.94,8.06,8.06,14.91
"480","EC_085_INC-W5","EC_085",-144.757,-501.715,1.05302904407375,3.64972536353299,"34.6","39","3.4","77","3.1","19.9",6.01133333333333,153.1,20.9,7.05,8.05,8.05,14.94
"481","EC_088_INC-D1","EC_088",-1.318,-5.019,0.119882908785373,0.456532976602478,"28","21.5","18.5","68","3.3","28.7",27.682,93.3,20.4,6.29,6.26,1.33,13.73
"482","EC_088_INC-D2","EC_088",-5.321,-20.263,0.172111776229273,0.655428720460582,"28","21.5","18.5","68","3.3","28.7",27.682,79.42,20.8,5.75,6.25,3.01,13.73
"483","EC_088_INC-D3","EC_088",-172.921,-657.549,0.340984701026441,1.29663462384498,"28","21.5","18.5","68","3.3","28.7",27.682,83.53,20.6,5.79,6.26,3.52,13.75
"484","EC_088_INC-D4","EC_088",-5.339,-20.317,0.133640353635928,0.508553095357216,"28","21.5","18.5","68","3.3","28.7",27.682,82.05,20.7,5.7,6.26,2.26,13.74
"485","EC_088_INC-D5","EC_088",-1.836,-6.992,0.137559565336364,0.523848465635625,"28","21.5","18.5","68","3.3","28.7",27.682,79.31,20.8,5.67,6.25,2.75,13.73
"486","EC_088_INC-W1","EC_088",-211.87,-809.779,0.574855155930159,2.19714010840382,"28","21.5","18.5","68","3.3","28.7",27.682,117.1,20.1,7.18,9.26,9.27,13.68
"487","EC_088_INC-W2","EC_088",-230.532,-876.621,0.495887339991558,1.88567021518535,"28","21.5","18.5","68","3.3","28.7",27.682,101.8,20.4,6.01,9.31,9.33,13.75
"488","EC_088_INC-W3","EC_088",-246.161,-938.782,0.450753654720811,1.71904490085575,"28","21.5","18.5","68","3.3","28.7",27.682,105.3,20.7,6.02,9.27,9.27,13.71
"489","EC_088_INC-W4","EC_088",-243.005,-921.37,0.47709110192253,1.80893294815964,"28","21.5","18.5","68","3.3","28.7",27.682,100.2,20.6,5.83,9.29,9.3,13.79
"490","EC_088_INC-W5","EC_088",-218.399,-832.3,0.468287373148465,1.78461177787468,"28","21.5","18.5","68","3.3","28.7",27.682,101.6,20.6,5.75,9.28,9.28,13.72
"491","EC_089_INC-D1","EC_089",-0.571,-1.868,0.130064466332508,0.425436673745688,"23.6","20.9","46.4","90.9","4.1","5",8.932,84.3,19.7,5.76,4.51,2.94,15.5
"492","EC_089_INC-D2","EC_089",-0.674,-2.172,0.119739066339873,0.385946048667101,"23.6","20.9","46.4","90.9","4.1","5",8.932,83.02,19.6,5.99,4.51,3.14,15.5
"493","EC_089_INC-D3","EC_089",-0.695,-2.242,0.129081094904638,0.416344901071613,"23.6","20.9","46.4","90.9","4.1","5",8.932,83.66,19.6,6.07,4.51,2.87,15.48
"494","EC_089_INC-D4","EC_089",-0.427,-1.386,0.172841123444854,0.561173932531769,"23.6","20.9","46.4","90.9","4.1","5",8.932,84.01,19.5,5.81,4.5,2.96,15.44
"495","EC_089_INC-D5","EC_089",-1.986,-6.527,0.192016866288319,0.631019157737649,"23.6","20.9","46.4","90.9","4.1","5",8.932,86.51,19.6,5.86,4.49,3.04,15.44
"496","EC_089_INC-W1","EC_089",-2.152,-7.095,0.197917094855539,0.652563857973303,"23.6","20.9","46.4","90.9","4.1","5",8.932,99.34,19.4,6.21,7.55,7.55,15.48
"497","EC_089_INC-W2","EC_089",-3.23,-10.66,0.175545394871496,0.57935661388334,"23.6","20.9","46.4","90.9","4.1","5",8.932,97.7,19.5,5.84,7.47,7.47,15.45
"498","EC_089_INC-W3","EC_089",-1.548,-5.146,0.161040666310414,0.535382292579072,"23.6","20.9","46.4","90.9","4.1","5",8.932,99.05,19.6,5.92,7.52,7.52,15.5
"499","EC_089_INC-W4","EC_089",-1.963,-6.442,0.144569194893591,0.474414245871815,"23.6","20.9","46.4","90.9","4.1","5",8.932,98.69,19.6,5.87,7.48,7.48,15.52
"500","EC_089_INC-W5","EC_089",-2.352,-7.69,0.209963394846947,0.686476064003139,"23.6","20.9","46.4","90.9","4.1","5",8.932,99.14,19.3,5.77,7.53,7.53,15.51
"501","EC_090_INC-D1","EC_090",-0.303,-0.901,0.25170494560631,0.748577046023961,"21","23.9","31.7","76.6","4.9","18.5",7.345,36.79,20.5,5.24,3.05,1.23,16.94
"502","EC_090_INC-D2","EC_090",-0.238,-0.7,0.240013413836438,0.70573011471033,"21","23.9","31.7","76.6","4.9","18.5",7.345,36.56,20.5,5.33,3.05,1.32,16.94
"503","EC_090_INC-D3","EC_090",-0.298,-0.867,0.275088009146053,0.800108486778785,"21","23.9","31.7","76.6","4.9","18.5",7.345,35.73,20.4,5.39,3.05,1.17,16.95
"504","EC_090_INC-D4","EC_090",-0.236,-0.692,0.236195770809542,0.692115030540016,"21","23.9","31.7","76.6","4.9","18.5",7.345,36.29,20.5,5.43,3.05,1.38,16.92
"505","EC_090_INC-D5","EC_090",-0.178,-0.526,0.290597183942821,0.858948423486853,"21","23.9","31.7","76.6","4.9","18.5",7.345,34.97,20.8,5.35,3.06,1.29,16.97
"506","EC_090_INC-W1","EC_090",-145.776,-434.578,0.898556835976136,2.67871660536282,"21","23.9","31.7","76.6","4.9","18.5",7.345,29,20.5,6.96,6.06,6.05,16.96
"507","EC_090_INC-W2","EC_090",-125.139,-379.332,NA,NA,"21","23.9","31.7","76.6","4.9","18.5",7.345,28.94,20.7,6.09,6.06,6.04,16.94
"508","EC_090_INC-W3","EC_090",-116.934,-347.077,0.643729163930775,1.91067930603878,"21","23.9","31.7","76.6","4.9","18.5",7.345,26.77,20.5,5.77,6.05,6.04,16.95
"509","EC_090_INC-W4","EC_090",-163.662,-480.197,0.812898470560139,2.38510822586362,"21","23.9","31.7","76.6","4.9","18.5",7.345,29.03,20.7,5.55,6.06,6.05,16.99
"510","EC_090_INC-W5","EC_090",-141.168,-419.335,0.85393813309928,2.53659472614074,"21","23.9","31.7","76.6","4.9","18.5",7.345,29.74,20.4,5.45,6.01,6.01,16.93
"511","EC_091_INC-D1","EC_091",-6.738,-22.456,0.169148415149667,0.5637159574471,"72.4","15","1.2","88.6","3.7","7.7",5.4435,168.8,19.8,7.01,4.89,2.64,15.09
"512","EC_091_INC-D2","EC_091",-5.134,-17.071,0.255283985944026,0.848865653195237,"72.4","15","1.2","88.6","3.7","7.7",5.4435,160.8,20,6.01,4.91,2.74,15.13
"513","EC_091_INC-D3","EC_091",-0.472,-1.582,0.1448109408532,0.485390151647107,"72.4","15","1.2","88.6","3.7","7.7",5.4435,165.8,20.3,6.27,4.89,2.25,15.09
"514","EC_091_INC-D4","EC_091",-4.398,-14.377,0.237150181566266,0.775256358957183,"72.4","15","1.2","88.6","3.7","7.7",5.4435,154,20,6.13,4.9,2.88,15.09
"515","EC_091_INC-D5","EC_091",-0.509,-1.723,0.128347355299707,0.434373720023595,"72.4","15","1.2","88.6","3.7","7.7",5.4435,161,20.1,6.4,4.89,2.63,15.09
"516","EC_091_INC-W1","EC_091",-175.113,-582.207,0.287256746294286,0.955057578273479,"72.4","15","1.2","88.6","3.7","7.7",5.4435,153.8,20,6.43,7.89,7.89,15.15
"517","EC_091_INC-W2","EC_091",-121.422,-398.672,0.252897959052215,0.830353866874875,"72.4","15","1.2","88.6","3.7","7.7",5.4435,141.9,20.1,7.12,7.9,7.9,15.14
"518","EC_091_INC-W3","EC_091",-119.381,-404.789,0.267929928470621,0.908477638258001,"72.4","15","1.2","88.6","3.7","7.7",5.4435,163.3,19.7,6.98,7.9,7.91,15.1
"519","EC_091_INC-W4","EC_091",-104.406,-345.078,0.247887302579413,0.819305192937505,"72.4","15","1.2","88.6","3.7","7.7",5.4435,159.2,20.1,6.66,7.92,7.92,15.14
"520","EC_091_INC-W5","EC_091",-144.32,-486.805,0.244785467620059,0.825684579314846,"72.4","15","1.2","88.6","3.7","7.7",5.4435,151.3,20.1,6.83,7.88,7.88,15.09
"521","EC_092_INC-D1","EC_092",-0.438,-1.324,0.0638330365479719,0.192990714452406,"14","19.1","56.4","89.5","3","7.5",2.85366666666667,144,20,6.53,3.31,1.3,16.69
"522","EC_092_INC-D2","EC_092",-0.736,-2.17,0.0417688236968247,0.123154212949116,"14","19.1","56.4","89.5","3","7.5",2.85366666666667,140.3,20,6.96,3.31,1.4,16.69
"523","EC_092_INC-D3","EC_092",-0.141,-0.416,NA,NA,"14","19.1","56.4","89.5","3","7.5",2.85366666666667,145.3,20.1,6.64,3.32,1.3,16.74
"524","EC_092_INC-D4","EC_092",-0.392,-1.169,0.0676702909568671,0.201752457141949,"14","19.1","56.4","89.5","3","7.5",2.85366666666667,142.3,20,7.04,3.3,1.49,16.67
"525","EC_092_INC-D5","EC_092",-0.497,-1.492,0.0501628177162829,0.15054842065359,"14","19.1","56.4","89.5","3","7.5",2.85366666666667,142.2,20.1,6.99,3.31,1.61,16.73
"526","EC_092_INC-W1","EC_092",-7.073,-20.927,NA,NA,"14","19.1","56.4","89.5","3","7.5",2.85366666666667,169,19.8,6.33,6.33,6.33,16.69
"527","EC_092_INC-W2","EC_092",-9.545,-28.932,0.107481805449154,0.325794160435753,"14","19.1","56.4","89.5","3","7.5",2.85366666666667,168.2,20,6.11,6.32,6.32,16.69
"528","EC_092_INC-W3","EC_092",-1.976,-6.038,0.104364036241927,0.318897046148329,"14","19.1","56.4","89.5","3","7.5",2.85366666666667,170.3,20.4,6.16,6.34,6.34,16.72
"529","EC_092_INC-W4","EC_092",-2.346,-7.037,0.105803006645263,0.317345740625594,"14","19.1","56.4","89.5","3","7.5",2.85366666666667,166.3,20,6.18,6.33,6.33,16.72
"530","EC_092_INC-W5","EC_092",-2.019,-6.116,0.101725923835812,0.308157191870827,"14","19.1","56.4","89.5","3","7.5",2.85366666666667,168.2,20.1,6.35,6.32,6.32,16.73
"531","EC_093_INC-D1","EC_093",0,0,0.0640728649485279,0.198218073632074,"4.2","11.2","82.3","97.7","1.8","0.5",4.04066666666667,56.27,20.7,6.38,3.66,2,16.34
"532","EC_093_INC-D2","EC_093",0,0,0.0609550957413005,0.185629182496485,"4.2","11.2","82.3","97.7","1.8","0.5",4.04066666666667,57.2,20.8,6.64,3.65,1.88,16.32
"533","EC_093_INC-D3","EC_093",-0.468,-1.432,0.0621542377440803,0.190192728724537,"4.2","11.2","82.3","97.7","1.8","0.5",4.04066666666667,56.58,20.6,6.6,3.66,2.03,16.33
"534","EC_093_INC-D4","EC_093",0,0,NA,NA,"4.2","11.2","82.3","97.7","1.8","0.5",4.04066666666667,55.18,20.3,6.75,3.66,1.93,16.33
"535","EC_093_INC-D5","EC_093",0,0,0.0707880601640944,0.213143498585833,"4.2","11.2","82.3","97.7","1.8","0.5",4.04066666666667,53.71,20.5,6.52,3.66,1.88,16.35
"536","EC_093_INC-W1","EC_093",-0.554,-1.695,0.0705482317635385,0.215789511844654,"4.2","11.2","82.3","97.7","1.8","0.5",4.04066666666667,74.15,20.2,7.34,6.69,6.59,16.34
"537","EC_093_INC-W2","EC_093",-0.473,-1.467,0.0647923501501957,0.200999034829463,"4.2","11.2","82.3","97.7","1.8","0.5",4.04066666666667,69.1,20.3,6.67,6.67,6.66,16.34
"538","EC_093_INC-W3","EC_093",-0.545,-1.691,0.0693490897607587,0.215168691702696,"4.2","11.2","82.3","97.7","1.8","0.5",4.04066666666667,70.03,20.2,6.52,6.7,6.7,16.36
"539","EC_093_INC-W4","EC_093",-0.52,-1.617,0.0578373265340732,0.179875499636531,"4.2","11.2","82.3","97.7","1.8","0.5",4.04066666666667,71.93,20.5,6.3,6.69,6.99,16.36
"540","EC_093_INC-W5","EC_093",-0.454,-1.397,0.0655118353518636,0.201624192960598,"4.2","11.2","82.3","97.7","1.8","0.5",4.04066666666667,68.51,20.3,6.31,6.68,6.67,16.35
"541","EC_094_INC-D1","EC_094",-0.919,-2.984,0.354580900456958,1.15113619673382,"23.6","18.9","48.6","91.1","4.1","4.8",5.065,243.3,20.1,6.45,4.45,2.58,15.58
"542","EC_094_INC-D2","EC_094",-0.928,-3.016,0.37479702182025,1.21815057767173,"23.6","18.9","48.6","91.1","4.1","4.8",5.065,235.1,20.8,6.6,4.45,2.61,15.55
"543","EC_094_INC-D3","EC_094",-0.756,-2.437,0.398507287616703,1.28459092906116,"23.6","18.9","48.6","91.1","4.1","4.8",5.065,240.3,20.4,6.6,4.45,1.86,15.57
"544","EC_094_INC-D4","EC_094",-3.787,-12.418,0.498339985707033,1.63410648689399,"23.6","18.9","48.6","91.1","4.1","4.8",5.065,238.1,20.3,6.53,4.45,2.53,15.55
"545","EC_094_INC-D5","EC_094",-0.802,-2.616,0.423465462139285,1.38109031261611,"23.6","18.9","48.6","91.1","4.1","4.8",5.065,233.2,20.4,6.91,4.45,2.78,15.57
"546","EC_094_INC-W1","EC_094",-124.638,-408.758,0.446676564445287,1.464903925684,"23.6","18.9","48.6","91.1","4.1","4.8",5.065,238.8,20.2,7,7.46,7.46,15.56
"547","EC_094_INC-W2","EC_094",-154.795,-498.066,0.432699986712641,1.39224970050736,"23.6","18.9","48.6","91.1","4.1","4.8",5.065,244.9,20.2,6.47,7.47,7.47,15.58
"548","EC_094_INC-W3","EC_094",-109.705,-361.991,0.415229264546833,1.37012305877158,"23.6","18.9","48.6","91.1","4.1","4.8",5.065,239.9,20.4,6.45,7.47,7.46,15.55
"549","EC_094_INC-W4","EC_094",-131.252,-423.25,0.50507869282813,1.62873327514423,"23.6","18.9","48.6","91.1","4.1","4.8",5.065,244.2,20.1,6.33,7.48,7.48,15.62
"550","EC_094_INC-W5","EC_094",-122.395,-395.66,0.489355042878903,1.58191251007769,"23.6","18.9","48.6","91.1","4.1","4.8",5.065,243.9,20.4,6.33,7.46,7.46,15.56
"551","EC_095_INC-D1","EC_095",-3.316,-14.018,0.0375995621561516,0.158944976407892,"45.2","16.1","4.2","65.5","1.8","32.7",12.832,369.9,19.5,5.42,7.57,3.41,12.45
"552","EC_095_INC-D2","EC_095",-1.59,-6.659,NA,NA,"45.2","16.1","4.2","65.5","1.8","32.7",12.832,366.5,19.4,5.17,7.55,2.84,12.4
"553","EC_095_INC-D3","EC_095",-2.287,-9.623,NA,NA,"45.2","16.1","4.2","65.5","1.8","32.7",12.832,365.6,19.3,5.3,7.57,3.26,12.43
"554","EC_095_INC-D4","EC_095",-2.539,-10.676,NA,NA,"45.2","16.1","4.2","65.5","1.8","32.7",12.832,377,19.5,5.21,7.59,3.87,12.46
"555","EC_095_INC-D5","EC_095",-4.835,-20.529,NA,NA,"45.2","16.1","4.2","65.5","1.8","32.7",12.832,382.5,19.5,5.2,7.54,2.83,12.4
"556","EC_095_INC-W1","EC_095",-288.114,-1225.528,0.712410954237942,3.03032775462081,"45.2","16.1","4.2","65.5","1.8","32.7",12.832,347.3,19.5,5.55,10.55,10.54,12.42
"557","EC_095_INC-W2","EC_095",-277.778,-1172.022,NA,NA,"45.2","16.1","4.2","65.5","1.8","32.7",12.832,343.1,19.4,5.69,10.49,10.48,12.45
"558","EC_095_INC-W3","EC_095",-286.5,-1197.251,0.650083791914224,2.71662735283414,"45.2","16.1","4.2","65.5","1.8","32.7",12.832,347.3,19.7,5.66,10.5,10.5,12.41
"559","EC_095_INC-W4","EC_095",-271.208,-1136.636,NA,NA,"45.2","16.1","4.2","65.5","1.8","32.7",12.832,319,19.5,5.73,10.46,10.46,12.46
"560","EC_095_INC-W5","EC_095",-282.83,-1178.232,0.389268589574975,1.62164054262844,"45.2","16.1","4.2","65.5","1.8","32.7",12.832,330.9,19.4,5.8,10.53,10.53,12.48
