"Sample_Name","Respiration_Rate_mg_DO_per_kg_per_H","Respiration_Rate_mg_DO_per_L_per_H","Mean_Slope_All_L","Mean_Slope_All_kg","cv_before_removal_L","cv_before_removal_kg","kit_treat","flag","cv_after_removal","Mean_Slope_Removed"
"EC_095_INC-W1",-1225.528,-288.114,-281.286,-1181.9338,2.45059310472673,2.77367748741886,"EC_095_Wet","N/A",2.77367748741886,-1181.9338
"EC_095_INC-W3",-1197.251,-286.5,-281.286,-1181.9338,2.45059310472673,2.77367748741886,"EC_095_Wet","N/A",2.77367748741886,-1181.9338
"EC_095_INC-W5",-1178.232,-282.83,-281.286,-1181.9338,2.45059310472673,2.77367748741886,"EC_095_Wet","N/A",2.77367748741886,-1181.9338
"EC_095_INC-W2",-1172.022,-277.778,-281.286,-1181.9338,2.45059310472673,2.77367748741886,"EC_095_Wet","N/A",2.77367748741886,-1181.9338
"EC_095_INC-W4",-1136.636,-271.208,-281.286,-1181.9338,2.45059310472673,2.77367748741886,"EC_095_Wet","N/A",2.77367748741886,-1181.9338
"EC_095_INC-D5",-20.529,-4.835,-2.9134,-12.301,42.5210135432136,43.0729929675062,"EC_095_Dry","N/A",43.0729929675062,-12.301
"EC_095_INC-D1",-14.018,-3.316,-2.9134,-12.301,42.5210135432136,43.0729929675062,"EC_095_Dry","N/A",43.0729929675062,-12.301
"EC_095_INC-D4",-10.676,-2.539,-2.9134,-12.301,42.5210135432136,43.0729929675062,"EC_095_Dry","N/A",43.0729929675062,-12.301
"EC_095_INC-D3",-9.623,-2.287,-2.9134,-12.301,42.5210135432136,43.0729929675062,"EC_095_Dry","N/A",43.0729929675062,-12.301
"EC_095_INC-D2",-6.659,-1.59,-2.9134,-12.301,42.5210135432136,43.0729929675062,"EC_095_Dry","N/A",43.0729929675062,-12.301
"EC_094_INC-W2",-498.066,-154.795,-128.557,-417.545,12.9253369656389,12.0693375225653,"EC_094_Wet","N/A",12.0693375225653,-417.545
"EC_094_INC-W4",-423.25,-131.252,-128.557,-417.545,12.9253369656389,12.0693375225653,"EC_094_Wet","N/A",12.0693375225653,-417.545
"EC_094_INC-W1",-408.758,-124.638,-128.557,-417.545,12.9253369656389,12.0693375225653,"EC_094_Wet","N/A",12.0693375225653,-417.545
"EC_094_INC-W5",-395.66,-122.395,-128.557,-417.545,12.9253369656389,12.0693375225653,"EC_094_Wet","N/A",12.0693375225653,-417.545
"EC_094_INC-W3",-361.991,-109.705,-128.557,-417.545,12.9253369656389,12.0693375225653,"EC_094_Wet","N/A",12.0693375225653,-417.545
"EC_094_INC-D4",-12.418,-3.787,-1.4384,-4.6942,91.4208991189198,92.1285672406987,"EC_094_Dry","N/A",92.1285672406987,-4.6942
"EC_094_INC-D2",-3.016,-0.928,-1.4384,-4.6942,91.4208991189198,92.1285672406987,"EC_094_Dry","N/A",92.1285672406987,-4.6942
"EC_094_INC-D1",-2.984,-0.919,-1.4384,-4.6942,91.4208991189198,92.1285672406987,"EC_094_Dry","N/A",92.1285672406987,-4.6942
"EC_094_INC-D5",-2.616,-0.802,-1.4384,-4.6942,91.4208991189198,92.1285672406987,"EC_094_Dry","N/A",92.1285672406987,-4.6942
"EC_094_INC-D3",-2.437,-0.756,-1.4384,-4.6942,91.4208991189198,92.1285672406987,"EC_094_Dry","N/A",92.1285672406987,-4.6942
"EC_093_INC-W1",-1.695,-0.554,-0.5092,-1.5734,8.65148796446808,8.58339274433825,"EC_093_Wet","N/A",8.58339274433825,-1.5734
"EC_093_INC-W3",-1.691,-0.545,-0.5092,-1.5734,8.65148796446808,8.58339274433825,"EC_093_Wet","N/A",8.58339274433825,-1.5734
"EC_093_INC-W4",-1.617,-0.52,-0.5092,-1.5734,8.65148796446808,8.58339274433825,"EC_093_Wet","N/A",8.58339274433825,-1.5734
"EC_093_INC-W2",-1.467,-0.473,-0.5092,-1.5734,8.65148796446808,8.58339274433825,"EC_093_Wet","N/A",8.58339274433825,-1.5734
"EC_093_INC-W5",-1.397,-0.454,-0.5092,-1.5734,8.65148796446808,8.58339274433825,"EC_093_Wet","N/A",8.58339274433825,-1.5734
"EC_093_INC-D1",0,0,-0.0936,-0.2864,223.606797749979,223.606797749979,"EC_093_Dry",NA,NA,0
"EC_093_INC-D2",0,0,-0.0936,-0.2864,223.606797749979,223.606797749979,"EC_093_Dry",NA,NA,0
"EC_093_INC-D4",0,0,-0.0936,-0.2864,223.606797749979,223.606797749979,"EC_093_Dry",NA,NA,0
"EC_093_INC-D5",0,0,-0.0936,-0.2864,223.606797749979,223.606797749979,"EC_093_Dry",NA,NA,0
"EC_092_INC-W2",-28.932,-9.545,-4.5918,-13.81,76.375025237975,76.3588810528329,"EC_092_Wet","N/A",76.3588810528329,-13.81
"EC_092_INC-W1",-20.927,-7.073,-4.5918,-13.81,76.375025237975,76.3588810528329,"EC_092_Wet","N/A",76.3588810528329,-13.81
"EC_092_INC-W4",-7.037,-2.346,-4.5918,-13.81,76.375025237975,76.3588810528329,"EC_092_Wet","N/A",76.3588810528329,-13.81
"EC_092_INC-W5",-6.116,-2.019,-4.5918,-13.81,76.375025237975,76.3588810528329,"EC_092_Wet","N/A",76.3588810528329,-13.81
"EC_092_INC-W3",-6.038,-1.976,-4.5918,-13.81,76.375025237975,76.3588810528329,"EC_092_Wet","N/A",76.3588810528329,-13.81
"EC_092_INC-D2",-2.17,-0.736,-0.4408,-1.3142,48.4667700048624,48.0035205493787,"EC_092_Dry","N/A",48.0035205493787,-1.3142
"EC_092_INC-D5",-1.492,-0.497,-0.4408,-1.3142,48.4667700048624,48.0035205493787,"EC_092_Dry","N/A",48.0035205493787,-1.3142
"EC_092_INC-D1",-1.324,-0.438,-0.4408,-1.3142,48.4667700048624,48.0035205493787,"EC_092_Dry","N/A",48.0035205493787,-1.3142
"EC_092_INC-D4",-1.169,-0.392,-0.4408,-1.3142,48.4667700048624,48.0035205493787,"EC_092_Dry","N/A",48.0035205493787,-1.3142
"EC_092_INC-D3",-0.416,-0.141,-0.4408,-1.3142,48.4667700048624,48.0035205493787,"EC_092_Dry","N/A",48.0035205493787,-1.3142
"EC_091_INC-W1",-582.207,-175.113,-132.9284,-443.5102,20.7348467029061,20.8822044314446,"EC_091_Wet","N/A",20.8822044314446,-443.5102
"EC_091_INC-W5",-486.805,-144.32,-132.9284,-443.5102,20.7348467029061,20.8822044314446,"EC_091_Wet","N/A",20.8822044314446,-443.5102
"EC_091_INC-W3",-404.789,-119.381,-132.9284,-443.5102,20.7348467029061,20.8822044314446,"EC_091_Wet","N/A",20.8822044314446,-443.5102
"EC_091_INC-W2",-398.672,-121.422,-132.9284,-443.5102,20.7348467029061,20.8822044314446,"EC_091_Wet","N/A",20.8822044314446,-443.5102
"EC_091_INC-W4",-345.078,-104.406,-132.9284,-443.5102,20.7348467029061,20.8822044314446,"EC_091_Wet","N/A",20.8822044314446,-443.5102
"EC_091_INC-D1",-22.456,-6.738,-3.4502,-11.4418,82.0599004831123,82.137077979458,"EC_091_Dry","N/A",82.137077979458,-11.4418
"EC_091_INC-D2",-17.071,-5.134,-3.4502,-11.4418,82.0599004831123,82.137077979458,"EC_091_Dry","N/A",82.137077979458,-11.4418
"EC_091_INC-D4",-14.377,-4.398,-3.4502,-11.4418,82.0599004831123,82.137077979458,"EC_091_Dry","N/A",82.137077979458,-11.4418
"EC_091_INC-D5",-1.723,-0.509,-3.4502,-11.4418,82.0599004831123,82.137077979458,"EC_091_Dry","N/A",82.137077979458,-11.4418
"EC_091_INC-D3",-1.582,-0.472,-3.4502,-11.4418,82.0599004831123,82.137077979458,"EC_091_Dry","N/A",82.137077979458,-11.4418
"EC_090_INC-W4",-480.197,-163.662,-138.5358,-412.1038,13.1959019504506,12.4304386738514,"EC_090_Wet","N/A",12.4304386738514,-412.1038
"EC_090_INC-W1",-434.578,-145.776,-138.5358,-412.1038,13.1959019504506,12.4304386738514,"EC_090_Wet","N/A",12.4304386738514,-412.1038
"EC_090_INC-W5",-419.335,-141.168,-138.5358,-412.1038,13.1959019504506,12.4304386738514,"EC_090_Wet","N/A",12.4304386738514,-412.1038
"EC_090_INC-W2",-379.332,-125.139,-138.5358,-412.1038,13.1959019504506,12.4304386738514,"EC_090_Wet","N/A",12.4304386738514,-412.1038
"EC_090_INC-W3",-347.077,-116.934,-138.5358,-412.1038,13.1959019504506,12.4304386738514,"EC_090_Wet","N/A",12.4304386738514,-412.1038
"EC_090_INC-D1",-0.901,-0.303,-0.2506,-0.7372,20.5760387149044,20.5397389067114,"EC_090_Dry","N/A",20.5397389067114,-0.7372
"EC_090_INC-D3",-0.867,-0.298,-0.2506,-0.7372,20.5760387149044,20.5397389067114,"EC_090_Dry","N/A",20.5397389067114,-0.7372
"EC_090_INC-D2",-0.7,-0.238,-0.2506,-0.7372,20.5760387149044,20.5397389067114,"EC_090_Dry","N/A",20.5397389067114,-0.7372
"EC_090_INC-D4",-0.692,-0.236,-0.2506,-0.7372,20.5760387149044,20.5397389067114,"EC_090_Dry","N/A",20.5397389067114,-0.7372
"EC_090_INC-D5",-0.526,-0.178,-0.2506,-0.7372,20.5760387149044,20.5397389067114,"EC_090_Dry","N/A",20.5397389067114,-0.7372
"EC_089_INC-W2",-10.66,-3.23,-2.249,-7.4066,27.7284865475575,27.6720782536411,"EC_089_Wet","N/A",27.6720782536411,-7.4066
"EC_089_INC-W5",-7.69,-2.352,-2.249,-7.4066,27.7284865475575,27.6720782536411,"EC_089_Wet","N/A",27.6720782536411,-7.4066
"EC_089_INC-W1",-7.095,-2.152,-2.249,-7.4066,27.7284865475575,27.6720782536411,"EC_089_Wet","N/A",27.6720782536411,-7.4066
"EC_089_INC-W4",-6.442,-1.963,-2.249,-7.4066,27.7284865475575,27.6720782536411,"EC_089_Wet","N/A",27.6720782536411,-7.4066
"EC_089_INC-W3",-5.146,-1.548,-2.249,-7.4066,27.7284865475575,27.6720782536411,"EC_089_Wet","N/A",27.6720782536411,-7.4066
"EC_089_INC-D5",-6.527,-1.986,-0.8706,-2.839,72.6492337528593,73.5843717883026,"EC_089_Dry","N/A",73.5843717883026,-2.839
"EC_089_INC-D3",-2.242,-0.695,-0.8706,-2.839,72.6492337528593,73.5843717883026,"EC_089_Dry","N/A",73.5843717883026,-2.839
"EC_089_INC-D2",-2.172,-0.674,-0.8706,-2.839,72.6492337528593,73.5843717883026,"EC_089_Dry","N/A",73.5843717883026,-2.839
"EC_089_INC-D1",-1.868,-0.571,-0.8706,-2.839,72.6492337528593,73.5843717883026,"EC_089_Dry","N/A",73.5843717883026,-2.839
"EC_089_INC-D4",-1.386,-0.427,-0.8706,-2.839,72.6492337528593,73.5843717883026,"EC_089_Dry","N/A",73.5843717883026,-2.839
"EC_088_INC-W3",-927.487,-246.161,-229.9934,-865.0838,6.49968065168114,6.31239351980556,"EC_088_Wet","N/A",6.31239351980556,-865.0838
"EC_088_INC-W4",-909.692,-243.005,-229.9934,-865.0838,6.49968065168114,6.31239351980556,"EC_088_Wet","N/A",6.31239351980556,-865.0838
"EC_088_INC-W2",-865.791,-230.532,-229.9934,-865.0838,6.49968065168114,6.31239351980556,"EC_088_Wet","N/A",6.31239351980556,-865.0838
"EC_088_INC-W5",-822.218,-218.399,-229.9934,-865.0838,6.49968065168114,6.31239351980556,"EC_088_Wet","N/A",6.31239351980556,-865.0838
"EC_088_INC-W1",-800.231,-211.87,-229.9934,-865.0838,6.49968065168114,6.31239351980556,"EC_088_Wet","N/A",6.31239351980556,-865.0838
"EC_088_INC-D4",-20.067,-5.339,-37.347,-140.2746,202.992526297153,202.967989669486,"EC_088_Dry","N/A",63.0248304439481,-12.98675
"EC_088_INC-D2",-20.016,-5.321,-37.347,-140.2746,202.992526297153,202.967989669486,"EC_088_Dry","N/A",63.0248304439481,-12.98675
"EC_088_INC-D5",-6.906,-1.836,-37.347,-140.2746,202.992526297153,202.967989669486,"EC_088_Dry","N/A",63.0248304439481,-12.98675
"EC_088_INC-D1",-4.958,-1.318,-37.347,-140.2746,202.992526297153,202.967989669486,"EC_088_Dry","N/A",63.0248304439481,-12.98675
"EC_085_INC-W3",-654.313,-192.034,-172.971,-591.5892,11.3226627744976,11.1584291818749,"EC_085_Wet","N/A",11.1584291818749,-591.5892
"EC_085_INC-W1",-650.925,-190.61,-172.971,-591.5892,11.3226627744976,11.1584291818749,"EC_085_Wet","N/A",11.1584291818749,-591.5892
"EC_085_INC-W4",-590.677,-172.448,-172.971,-591.5892,11.3226627744976,11.1584291818749,"EC_085_Wet","N/A",11.1584291818749,-591.5892
"EC_085_INC-W2",-567.321,-165.006,-172.971,-591.5892,11.3226627744976,11.1584291818749,"EC_085_Wet","N/A",11.1584291818749,-591.5892
"EC_085_INC-W5",-494.71,-144.757,-172.971,-591.5892,11.3226627744976,11.1584291818749,"EC_085_Wet","N/A",11.1584291818749,-591.5892
"EC_085_INC-D1",-3.242,-0.945,-0.6108,-2.0902,31.4579235973712,31.661624786932,"EC_085_Dry","N/A",31.661624786932,-2.0902
"EC_085_INC-D2",-1.999,-0.584,-0.6108,-2.0902,31.4579235973712,31.661624786932,"EC_085_Dry","N/A",31.661624786932,-2.0902
"EC_085_INC-D5",-1.896,-0.556,-0.6108,-2.0902,31.4579235973712,31.661624786932,"EC_085_Dry","N/A",31.661624786932,-2.0902
"EC_085_INC-D4",-1.701,-0.498,-0.6108,-2.0902,31.4579235973712,31.661624786932,"EC_085_Dry","N/A",31.661624786932,-2.0902
"EC_085_INC-D3",-1.613,-0.471,-0.6108,-2.0902,31.4579235973712,31.661624786932,"EC_085_Dry","N/A",31.661624786932,-2.0902
"EC_084_INC-W3",-664.707,-183.289,-163.0404,-589.1704,10.1868168035479,10.8921471065977,"EC_084_Wet","N/A",10.8921471065977,-589.1704
"EC_084_INC-W4",-627.2,-172.674,-163.0404,-589.1704,10.1868168035479,10.8921471065977,"EC_084_Wet","N/A",10.8921471065977,-589.1704
"EC_084_INC-W1",-582.003,-160.484,-163.0404,-589.1704,10.1868168035479,10.8921471065977,"EC_084_Wet","N/A",10.8921471065977,-589.1704
"EC_084_INC-W2",-578.451,-159.882,-163.0404,-589.1704,10.1868168035479,10.8921471065977,"EC_084_Wet","N/A",10.8921471065977,-589.1704
"EC_084_INC-W5",-493.491,-138.873,-163.0404,-589.1704,10.1868168035479,10.8921471065977,"EC_084_Wet","N/A",10.8921471065977,-589.1704
"EC_084_INC-D1",-115.897,-31.983,-32.7694,-118.4534,148.019706641509,147.913846077299,"EC_084_Dry","N/A",117.370159953489,-42.51875
"EC_084_INC-D2",-26.17,-7.256,-32.7694,-118.4534,148.019706641509,147.913846077299,"EC_084_Dry","N/A",117.370159953489,-42.51875
"EC_084_INC-D5",-23.84,-6.579,-32.7694,-118.4534,148.019706641509,147.913846077299,"EC_084_Dry","N/A",117.370159953489,-42.51875
"EC_084_INC-D4",-4.168,-1.153,-32.7694,-118.4534,148.019706641509,147.913846077299,"EC_084_Dry","N/A",117.370159953489,-42.51875
"EC_082_INC-W1",-735.818,-215.999,-184.2014,-625.188,13.0218275296564,13.7847905438387,"EC_082_Wet","N/A",13.7847905438387,-625.188
"EC_082_INC-W5",-676.586,-197.419,-184.2014,-625.188,13.0218275296564,13.7847905438387,"EC_082_Wet","N/A",13.7847905438387,-625.188
"EC_082_INC-W3",-609.593,-181.327,-184.2014,-625.188,13.0218275296564,13.7847905438387,"EC_082_Wet","N/A",13.7847905438387,-625.188
"EC_082_INC-W2",-595.922,-173.605,-184.2014,-625.188,13.0218275296564,13.7847905438387,"EC_082_Wet","N/A",13.7847905438387,-625.188
"EC_082_INC-W4",-508.021,-152.657,-184.2014,-625.188,13.0218275296564,13.7847905438387,"EC_082_Wet","N/A",13.7847905438387,-625.188
"EC_082_INC-D3",-5.214,-1.528,-0.9362,-3.1476,35.8045001394784,37.229693762365,"EC_082_Dry","N/A",37.229693762365,-3.1476
"EC_082_INC-D2",-2.901,-0.86,-0.9362,-3.1476,35.8045001394784,37.229693762365,"EC_082_Dry","N/A",37.229693762365,-3.1476
"EC_082_INC-D1",-2.712,-0.82,-0.9362,-3.1476,35.8045001394784,37.229693762365,"EC_082_Dry","N/A",37.229693762365,-3.1476
"EC_082_INC-D5",-2.54,-0.745,-0.9362,-3.1476,35.8045001394784,37.229693762365,"EC_082_Dry","N/A",37.229693762365,-3.1476
"EC_082_INC-D4",-2.371,-0.728,-0.9362,-3.1476,35.8045001394784,37.229693762365,"EC_082_Dry","N/A",37.229693762365,-3.1476
"EC_081_INC-W3",-692.649,-197.578,-179.3012,-619.4546,8.79828380815662,10.6558263813148,"EC_081_Wet","N/A",10.6558263813148,-619.4546
"EC_081_INC-W2",-667.793,-188.625,-179.3012,-619.4546,8.79828380815662,10.6558263813148,"EC_081_Wet","N/A",10.6558263813148,-619.4546
"EC_081_INC-W1",-632.225,-183.637,-179.3012,-619.4546,8.79828380815662,10.6558263813148,"EC_081_Wet","N/A",10.6558263813148,-619.4546
"EC_081_INC-W5",-568.923,-168.114,-179.3012,-619.4546,8.79828380815662,10.6558263813148,"EC_081_Wet","N/A",10.6558263813148,-619.4546
"EC_081_INC-W4",-535.683,-158.552,-179.3012,-619.4546,8.79828380815662,10.6558263813148,"EC_081_Wet","N/A",10.6558263813148,-619.4546
"EC_081_INC-D1",-3.335,-0.981,-2.2424,-7.6604,177.587300924949,177.663641586869,"EC_081_Dry","N/A",80.4678942344001,-1.59425
"EC_081_INC-D3",-1.782,-0.519,-2.2424,-7.6604,177.587300924949,177.663641586869,"EC_081_Dry","N/A",80.4678942344001,-1.59425
"EC_081_INC-D4",-0.708,-0.206,-2.2424,-7.6604,177.587300924949,177.663641586869,"EC_081_Dry","N/A",80.4678942344001,-1.59425
"EC_081_INC-D2",-0.552,-0.164,-2.2424,-7.6604,177.587300924949,177.663641586869,"EC_081_Dry","N/A",80.4678942344001,-1.59425
"EC_080_INC-W1",-3704.677,-290.188,-276.2258,-3521.422,3.78854986010366,3.87230174458181,"EC_080_Wet","N/A",3.87230174458181,-3521.422
"EC_080_INC-W5",-3558.122,-279.381,-276.2258,-3521.422,3.78854986010366,3.87230174458181,"EC_080_Wet","N/A",3.87230174458181,-3521.422
"EC_080_INC-W3",-3529.955,-276.502,-276.2258,-3521.422,3.78854986010366,3.87230174458181,"EC_080_Wet","N/A",3.87230174458181,-3521.422
"EC_080_INC-W4",-3488.636,-273.925,-276.2258,-3521.422,3.78854986010366,3.87230174458181,"EC_080_Wet","N/A",3.87230174458181,-3521.422
"EC_080_INC-W2",-3325.72,-261.133,-276.2258,-3521.422,3.78854986010366,3.87230174458181,"EC_080_Wet","N/A",3.87230174458181,-3521.422
"EC_080_INC-D2",-3574.587,-279.998,-270.4174,-3435.7744,5.76797388113738,5.81575166741511,"EC_080_Dry","N/A",5.81575166741511,-3435.7744
"EC_080_INC-D4",-3545.674,-279.074,-270.4174,-3435.7744,5.76797388113738,5.81575166741511,"EC_080_Dry","N/A",5.81575166741511,-3435.7744
"EC_080_INC-D3",-3492.586,-275.556,-270.4174,-3435.7744,5.76797388113738,5.81575166741511,"EC_080_Dry","N/A",5.81575166741511,-3435.7744
"EC_080_INC-D5",-3481.077,-274.648,-270.4174,-3435.7744,5.76797388113738,5.81575166741511,"EC_080_Dry","N/A",5.81575166741511,-3435.7744
"EC_080_INC-D1",-3084.948,-242.811,-270.4174,-3435.7744,5.76797388113738,5.81575166741511,"EC_080_Dry","N/A",5.81575166741511,-3435.7744
"EC_078_INC-W1",-1108.279,-252.972,-233.5828,-1013.4624,10.0104255849297,10.1915829808852,"EC_078_Wet","N/A",10.1915829808852,-1013.4624
"EC_078_INC-W2",-1092.16,-252.034,-233.5828,-1013.4624,10.0104255849297,10.1915829808852,"EC_078_Wet","N/A",10.1915829808852,-1013.4624
"EC_078_INC-W3",-1057.708,-245.413,-233.5828,-1013.4624,10.0104255849297,10.1915829808852,"EC_078_Wet","N/A",10.1915829808852,-1013.4624
"EC_078_INC-W5",-934.771,-215.714,-233.5828,-1013.4624,10.0104255849297,10.1915829808852,"EC_078_Wet","N/A",10.1915829808852,-1013.4624
"EC_078_INC-W4",-874.394,-201.781,-233.5828,-1013.4624,10.0104255849297,10.1915829808852,"EC_078_Wet","N/A",10.1915829808852,-1013.4624
"EC_078_INC-D2",-483.933,-112.081,-48.4862,-210.7442,132.25175547233,132.354871690448,"EC_078_Dry","Issue in dropping sample",187.870421290338,-126.75575
"EC_078_INC-D5",-10.209,-2.341,-48.4862,-210.7442,132.25175547233,132.354871690448,"EC_078_Dry","Issue in dropping sample",187.870421290338,-126.75575
"EC_078_INC-D4",-9.34,-2.175,-48.4862,-210.7442,132.25175547233,132.354871690448,"EC_078_Dry","Issue in dropping sample",187.870421290338,-126.75575
"EC_078_INC-D3",-3.541,-0.818,-48.4862,-210.7442,132.25175547233,132.354871690448,"EC_078_Dry","Issue in dropping sample",187.870421290338,-126.75575
"EC_076_INC-W2",-466.869,-143.999,-127.5732,-416.9768,13.7883418737662,13.8792684396596,"EC_076_Wet","N/A",13.8792684396596,-416.9768
"EC_076_INC-W1",-466.784,-141.068,-127.5732,-416.9768,13.7883418737662,13.8792684396596,"EC_076_Wet","N/A",13.8792684396596,-416.9768
"EC_076_INC-W3",-441.401,-135.456,-127.5732,-416.9768,13.7883418737662,13.8792684396596,"EC_076_Wet","N/A",13.8792684396596,-416.9768
"EC_076_INC-W4",-362.897,-110.8,-127.5732,-416.9768,13.7883418737662,13.8792684396596,"EC_076_Wet","N/A",13.8792684396596,-416.9768
"EC_076_INC-W5",-346.933,-106.543,-127.5732,-416.9768,13.7883418737662,13.8792684396596,"EC_076_Wet","N/A",13.8792684396596,-416.9768
"EC_076_INC-D4",-30.533,-9.37,-3.8886,-12.6982,99.1837270656718,99.1709927482708,"EC_076_Dry","N/A",99.1709927482708,-12.6982
"EC_076_INC-D3",-21.021,-6.404,-3.8886,-12.6982,99.1837270656718,99.1709927482708,"EC_076_Dry","N/A",99.1709927482708,-12.6982
"EC_076_INC-D1",-7.509,-2.316,-3.8886,-12.6982,99.1837270656718,99.1709927482708,"EC_076_Dry","N/A",99.1709927482708,-12.6982
"EC_076_INC-D5",-2.541,-0.777,-3.8886,-12.6982,99.1837270656718,99.1709927482708,"EC_076_Dry","N/A",99.1709927482708,-12.6982
"EC_076_INC-D2",-1.887,-0.576,-3.8886,-12.6982,99.1837270656718,99.1709927482708,"EC_076_Dry","N/A",99.1709927482708,-12.6982
"EC_075_INC-W1",-813.674,-234.909,-195.4394,-677.8982,20.5831315286316,20.738218525451,"EC_075_Wet","N/A",20.738218525451,-677.8982
"EC_075_INC-W4",-807.985,-232.201,-195.4394,-677.8982,20.5831315286316,20.738218525451,"EC_075_Wet","N/A",20.738218525451,-677.8982
"EC_075_INC-W2",-684.126,-197.057,-195.4394,-677.8982,20.5831315286316,20.738218525451,"EC_075_Wet","N/A",20.738218525451,-677.8982
"EC_075_INC-W3",-599.483,-172.808,-195.4394,-677.8982,20.5831315286316,20.738218525451,"EC_075_Wet","N/A",20.738218525451,-677.8982
"EC_075_INC-W5",-484.223,-140.222,-195.4394,-677.8982,20.5831315286316,20.738218525451,"EC_075_Wet","N/A",20.738218525451,-677.8982
"EC_075_INC-D4",-10.674,-3.07,-4.609,-15.971,129.475028956903,129.273033315792,"EC_075_Dry","N/A",44.1513893707917,-6.8115
"EC_075_INC-D2",-7.719,-2.22,-4.609,-15.971,129.475028956903,129.273033315792,"EC_075_Dry","N/A",44.1513893707917,-6.8115
"EC_075_INC-D5",-4.51,-1.305,-4.609,-15.971,129.475028956903,129.273033315792,"EC_075_Dry","N/A",44.1513893707917,-6.8115
"EC_075_INC-D1",-4.343,-1.25,-4.609,-15.971,129.475028956903,129.273033315792,"EC_075_Dry","N/A",44.1513893707917,-6.8115
"EC_074_INC-W4",-1.908,-0.637,-0.5802,-1.7392,8.21662244444066,8.16987489315127,"EC_074_Wet","N/A",8.16987489315127,-1.7392
"EC_074_INC-W2",-1.828,-0.609,-0.5802,-1.7392,8.21662244444066,8.16987489315127,"EC_074_Wet","N/A",8.16987489315127,-1.7392
"EC_074_INC-W1",-1.759,-0.588,-0.5802,-1.7392,8.21662244444066,8.16987489315127,"EC_074_Wet","N/A",8.16987489315127,-1.7392
"EC_074_INC-W3",-1.653,-0.551,-0.5802,-1.7392,8.21662244444066,8.16987489315127,"EC_074_Wet","N/A",8.16987489315127,-1.7392
"EC_074_INC-W5",-1.548,-0.516,-0.5802,-1.7392,8.21662244444066,8.16987489315127,"EC_074_Wet","N/A",8.16987489315127,-1.7392
"EC_074_INC-D2",-12.247,-4.074,-1.909,-5.7414,117.121421560205,117.180502524112,"EC_074_Dry","Issue in dropping sample",154.443236218992,-3.709
"EC_074_INC-D4",-1.546,-0.515,-1.909,-5.7414,117.121421560205,117.180502524112,"EC_074_Dry","Issue in dropping sample",154.443236218992,-3.709
"EC_074_INC-D5",-1.043,-0.348,-1.909,-5.7414,117.121421560205,117.180502524112,"EC_074_Dry","Issue in dropping sample",154.443236218992,-3.709
"EC_074_INC-D1",0,0,-1.909,-5.7414,117.121421560205,117.180502524112,"EC_074_Dry","Issue in dropping sample",154.443236218992,-3.709
"EC_073_INC-W4",-17.877,-3.681,-2.5134,-12.1986,27.2760337742926,27.2837236125348,"EC_073_Wet","N/A",27.2837236125348,-12.1986
"EC_073_INC-W2",-11.887,-2.455,-2.5134,-12.1986,27.2760337742926,27.2837236125348,"EC_073_Wet","N/A",27.2837236125348,-12.1986
"EC_073_INC-W5",-11.484,-2.367,-2.5134,-12.1986,27.2760337742926,27.2837236125348,"EC_073_Wet","N/A",27.2837236125348,-12.1986
"EC_073_INC-W1",-10.436,-2.151,-2.5134,-12.1986,27.2760337742926,27.2837236125348,"EC_073_Wet","N/A",27.2837236125348,-12.1986
"EC_073_INC-W3",-9.309,-1.913,-2.5134,-12.1986,27.2760337742926,27.2837236125348,"EC_073_Wet","N/A",27.2837236125348,-12.1986
"EC_073_INC-D2",-1.637,-0.338,-0.272,-1.3188,23.7182222298372,23.6832784713658,"EC_073_Dry","N/A",23.6832784713658,-1.3188
"EC_073_INC-D4",-1.516,-0.313,-0.272,-1.3188,23.7182222298372,23.6832784713658,"EC_073_Dry","N/A",23.6832784713658,-1.3188
"EC_073_INC-D1",-1.415,-0.291,-0.272,-1.3188,23.7182222298372,23.6832784713658,"EC_073_Dry","N/A",23.6832784713658,-1.3188
"EC_073_INC-D3",-1.177,-0.243,-0.272,-1.3188,23.7182222298372,23.6832784713658,"EC_073_Dry","N/A",23.6832784713658,-1.3188
"EC_073_INC-D5",-0.849,-0.175,-0.272,-1.3188,23.7182222298372,23.6832784713658,"EC_073_Dry","N/A",23.6832784713658,-1.3188
"EC_072_INC-W4",-1378.843,-272.588,-262.14075,-1326.67125,4.43070323225811,4.32208911357132,"EC_072_Wet","N/A",4.32208911357132,-1326.67125
"EC_072_INC-W3",-1348.144,-266.809,-262.14075,-1326.67125,4.43070323225811,4.32208911357132,"EC_072_Wet","N/A",4.32208911357132,-1326.67125
"EC_072_INC-W1",-1334.396,-263.514,-262.14075,-1326.67125,4.43070323225811,4.32208911357132,"EC_072_Wet","N/A",4.32208911357132,-1326.67125
"EC_072_INC-W2",-1245.302,-245.652,-262.14075,-1326.67125,4.43070323225811,4.32208911357132,"EC_072_Wet","N/A",4.32208911357132,-1326.67125
"EC_072_INC-D3",-1355.27,-268.511,-242.89175,-1224.0325,13.6510747051851,13.9167284081035,"EC_072_Dry","N/A",13.9167284081035,-1224.0325
"EC_072_INC-D1",-1348.555,-267.471,-242.89175,-1224.0325,13.6510747051851,13.9167284081035,"EC_072_Dry","N/A",13.9167284081035,-1224.0325
"EC_072_INC-D2",-1200.116,-237.513,-242.89175,-1224.0325,13.6510747051851,13.9167284081035,"EC_072_Dry","N/A",13.9167284081035,-1224.0325
"EC_072_INC-D4",-992.189,-198.072,-242.89175,-1224.0325,13.6510747051851,13.9167284081035,"EC_072_Dry","N/A",13.9167284081035,-1224.0325
"EC_071_INC-W5",-1458.999,-289.075,-285.2764,-1440.7068,0.915671714451552,0.844135934011722,"EC_071_Wet","N/A",0.844135934011722,-1440.7068
"EC_071_INC-W1",-1445.937,-286.487,-285.2764,-1440.7068,0.915671714451552,0.844135934011722,"EC_071_Wet","N/A",0.844135934011722,-1440.7068
"EC_071_INC-W3",-1437.473,-284.81,-285.2764,-1440.7068,0.915671714451552,0.844135934011722,"EC_071_Wet","N/A",0.844135934011722,-1440.7068
"EC_071_INC-W2",-1433.149,-283.662,-285.2764,-1440.7068,0.915671714451552,0.844135934011722,"EC_071_Wet","N/A",0.844135934011722,-1440.7068
"EC_071_INC-W4",-1427.976,-282.348,-285.2764,-1440.7068,0.915671714451552,0.844135934011722,"EC_071_Wet","N/A",0.844135934011722,-1440.7068
"EC_071_INC-D2",-1423.634,-282.068,-116.9694,-591.288,130.806554495763,130.806483559635,"EC_071_Dry","Issue in dropping sample",185.898535612442,-375.79875
"EC_071_INC-D5",-33.453,-6.601,-116.9694,-591.288,130.806554495763,130.806483559635,"EC_071_Dry","Issue in dropping sample",185.898535612442,-375.79875
"EC_071_INC-D1",-31.028,-6.135,-116.9694,-591.288,130.806554495763,130.806483559635,"EC_071_Dry","Issue in dropping sample",185.898535612442,-375.79875
"EC_071_INC-D3",-15.08,-2.994,-116.9694,-591.288,130.806554495763,130.806483559635,"EC_071_Dry","Issue in dropping sample",185.898535612442,-375.79875
"EC_070_INC-W1",-12.782,-3.663,-1.985,-6.9186,86.0061909889423,86.0561558166247,"EC_070_Wet","N/A",86.0561558166247,-6.9186
"EC_070_INC-W2",-11.215,-3.214,-1.985,-6.9186,86.0061909889423,86.0561558166247,"EC_070_Wet","N/A",86.0561558166247,-6.9186
"EC_070_INC-W3",-9.531,-2.742,-1.985,-6.9186,86.0061909889423,86.0561558166247,"EC_070_Wet","N/A",86.0561558166247,-6.9186
"EC_070_INC-W4",-1.065,-0.306,-1.985,-6.9186,86.0061909889423,86.0561558166247,"EC_070_Wet","N/A",86.0561558166247,-6.9186
"EC_070_INC-W5",0,0,-1.985,-6.9186,86.0061909889423,86.0561558166247,"EC_070_Wet","N/A",86.0561558166247,-6.9186
"EC_070_INC-D1",-4.036,-1.161,-0.8322,-2.8884,110.969713606333,110.998230097929,"EC_070_Dry","Issue in dropping sample",113.323677213118,-1.65125
"EC_070_INC-D5",-2.239,-0.647,-0.8322,-2.8884,110.969713606333,110.998230097929,"EC_070_Dry","Issue in dropping sample",113.323677213118,-1.65125
"EC_070_INC-D4",-0.33,-0.095,-0.8322,-2.8884,110.969713606333,110.998230097929,"EC_070_Dry","Issue in dropping sample",113.323677213118,-1.65125
"EC_070_INC-D3",0,0,-0.8322,-2.8884,110.969713606333,110.998230097929,"EC_070_Dry","Issue in dropping sample",113.323677213118,-1.65125
"EC_069_INC-W3",-768.88,-242.011,-201.8982,-641.8054,17.5966885513536,17.6596502106799,"EC_069_Wet","N/A",17.6596502106799,-641.8054
"EC_069_INC-W4",-698,-218.605,-201.8982,-641.8054,17.5966885513536,17.6596502106799,"EC_069_Wet","N/A",17.6596502106799,-641.8054
"EC_069_INC-W2",-682.585,-215.615,-201.8982,-641.8054,17.5966885513536,17.6596502106799,"EC_069_Wet","N/A",17.6596502106799,-641.8054
"EC_069_INC-W5",-581.34,-182.199,-201.8982,-641.8054,17.5966885513536,17.6596502106799,"EC_069_Wet","N/A",17.6596502106799,-641.8054
"EC_069_INC-W1",-478.222,-151.061,-201.8982,-641.8054,17.5966885513536,17.6596502106799,"EC_069_Wet","N/A",17.6596502106799,-641.8054
"EC_069_INC-D4",-24.446,-7.678,-3.402,-10.8398,80.7811376560883,80.7173150460831,"EC_069_Dry","N/A",80.7173150460831,-10.8398
"EC_069_INC-D3",-13.133,-4.122,-3.402,-10.8398,80.7811376560883,80.7173150460831,"EC_069_Dry","N/A",80.7173150460831,-10.8398
"EC_069_INC-D2",-9.739,-3.05,-3.402,-10.8398,80.7811376560883,80.7173150460831,"EC_069_Dry","N/A",80.7173150460831,-10.8398
"EC_069_INC-D1",-5.041,-1.58,-3.402,-10.8398,80.7811376560883,80.7173150460831,"EC_069_Dry","N/A",80.7173150460831,-10.8398
"EC_069_INC-D5",-1.84,-0.58,-3.402,-10.8398,80.7811376560883,80.7173150460831,"EC_069_Dry","N/A",80.7173150460831,-10.8398
"EC_068_INC-W5",-1688.415,-266.835,-260.2908,-1644.8716,2.64830775306017,2.59035566022089,"EC_068_Wet","N/A",2.59035566022089,-1644.8716
"EC_068_INC-W2",-1673.906,-265.563,-260.2908,-1644.8716,2.64830775306017,2.59035566022089,"EC_068_Wet","N/A",2.59035566022089,-1644.8716
"EC_068_INC-W3",-1646.647,-260.234,-260.2908,-1644.8716,2.64830775306017,2.59035566022089,"EC_068_Wet","N/A",2.59035566022089,-1644.8716
"EC_068_INC-W1",-1637.321,-259.426,-260.2908,-1644.8716,2.64830775306017,2.59035566022089,"EC_068_Wet","N/A",2.59035566022089,-1644.8716
"EC_068_INC-W4",-1578.069,-249.396,-260.2908,-1644.8716,2.64830775306017,2.59035566022089,"EC_068_Wet","N/A",2.59035566022089,-1644.8716
"EC_068_INC-D3",-1652.248,-262.127,-223.1156,-1407.8514,25.0533820951508,24.9137886658596,"EC_068_Dry","N/A",24.9137886658596,-1407.8514
"EC_068_INC-D2",-1579.525,-248.984,-223.1156,-1407.8514,25.0533820951508,24.9137886658596,"EC_068_Dry","N/A",24.9137886658596,-1407.8514
"EC_068_INC-D4",-1579.291,-251.195,-223.1156,-1407.8514,25.0533820951508,24.9137886658596,"EC_068_Dry","N/A",24.9137886658596,-1407.8514
"EC_068_INC-D5",-1431.053,-227.617,-223.1156,-1407.8514,25.0533820951508,24.9137886658596,"EC_068_Dry","N/A",24.9137886658596,-1407.8514
"EC_068_INC-D1",-797.14,-125.655,-223.1156,-1407.8514,25.0533820951508,24.9137886658596,"EC_068_Dry","N/A",24.9137886658596,-1407.8514
"EC_066_INC-W3",-1.445,-0.451,-0.3864,-1.237,10.3916810667893,10.3925170180473,"EC_066_Wet","N/A",10.3925170180473,-1.237
"EC_066_INC-W5",-1.274,-0.399,-0.3864,-1.237,10.3916810667893,10.3925170180473,"EC_066_Wet","N/A",10.3925170180473,-1.237
"EC_066_INC-W1",-1.177,-0.368,-0.3864,-1.237,10.3916810667893,10.3925170180473,"EC_066_Wet","N/A",10.3925170180473,-1.237
"EC_066_INC-W2",-1.164,-0.362,-0.3864,-1.237,10.3916810667893,10.3925170180473,"EC_066_Wet","N/A",10.3925170180473,-1.237
"EC_066_INC-W4",-1.125,-0.352,-0.3864,-1.237,10.3916810667893,10.3925170180473,"EC_066_Wet","N/A",10.3925170180473,-1.237
"EC_066_INC-D1",-0.569,-0.177,-0.1138,-0.364,62.9397315324838,63.0118815982959,"EC_066_Dry","N/A",63.0118815982959,-0.364
"EC_066_INC-D4",-0.517,-0.162,-0.1138,-0.364,62.9397315324838,63.0118815982959,"EC_066_Dry","N/A",63.0118815982959,-0.364
"EC_066_INC-D3",-0.446,-0.14,-0.1138,-0.364,62.9397315324838,63.0118815982959,"EC_066_Dry","N/A",63.0118815982959,-0.364
"EC_066_INC-D5",-0.288,-0.09,-0.1138,-0.364,62.9397315324838,63.0118815982959,"EC_066_Dry","N/A",63.0118815982959,-0.364
"EC_066_INC-D2",0,0,-0.1138,-0.364,62.9397315324838,63.0118815982959,"EC_066_Dry","N/A",63.0118815982959,-0.364
"EC_065_INC-W3",-25.697,-7.415,-6.212,-21.3934,19.0051590921644,19.5354825567542,"EC_065_Wet","N/A",19.5354825567542,-21.3934
"EC_065_INC-W5",-24.004,-6.982,-6.212,-21.3934,19.0051590921644,19.5354825567542,"EC_065_Wet","N/A",19.5354825567542,-21.3934
"EC_065_INC-W1",-22.381,-6.498,-6.212,-21.3934,19.0051590921644,19.5354825567542,"EC_065_Wet","N/A",19.5354825567542,-21.3934
"EC_065_INC-W4",-19.926,-5.754,-6.212,-21.3934,19.0051590921644,19.5354825567542,"EC_065_Wet","N/A",19.5354825567542,-21.3934
"EC_065_INC-W2",-14.959,-4.411,-6.212,-21.3934,19.0051590921644,19.5354825567542,"EC_065_Wet","N/A",19.5354825567542,-21.3934
"EC_065_INC-D3",-16.515,-4.896,-3.593,-12.2228,32.8333448660094,32.2187300944221,"EC_065_Dry","N/A",32.2187300944221,-12.2228
"EC_065_INC-D2",-16.338,-4.808,-3.593,-12.2228,32.8333448660094,32.2187300944221,"EC_065_Dry","N/A",32.2187300944221,-12.2228
"EC_065_INC-D4",-10.47,-3.078,-3.593,-12.2228,32.8333448660094,32.2187300944221,"EC_065_Dry","N/A",32.2187300944221,-12.2228
"EC_065_INC-D1",-9.75,-2.838,-3.593,-12.2228,32.8333448660094,32.2187300944221,"EC_065_Dry","N/A",32.2187300944221,-12.2228
"EC_065_INC-D5",-8.041,-2.345,-3.593,-12.2228,32.8333448660094,32.2187300944221,"EC_065_Dry","N/A",32.2187300944221,-12.2228
"EC_064_INC-W1",-887.633,-149.567,-107.5222,-638.8104,41.766949997852,41.7321442081946,"EC_064_Wet","N/A",41.7321442081946,-638.8104
"EC_064_INC-W4",-767.002,-129.087,-107.5222,-638.8104,41.766949997852,41.7321442081946,"EC_064_Wet","N/A",41.7321442081946,-638.8104
"EC_064_INC-W5",-709.658,-119.436,-107.5222,-638.8104,41.766949997852,41.7321442081946,"EC_064_Wet","N/A",41.7321442081946,-638.8104
"EC_064_INC-W3",-639.183,-107.447,-107.5222,-638.8104,41.766949997852,41.7321442081946,"EC_064_Wet","N/A",41.7321442081946,-638.8104
"EC_064_INC-W2",-190.576,-32.074,-107.5222,-638.8104,41.766949997852,41.7321442081946,"EC_064_Wet","N/A",41.7321442081946,-638.8104
"EC_064_INC-D5",-5.699,-0.958,-0.7406,-4.4018,19.7131907039048,19.7687501311599,"EC_064_Dry","N/A",19.7687501311599,-4.4018
"EC_064_INC-D4",-4.837,-0.814,-0.7406,-4.4018,19.7131907039048,19.7687501311599,"EC_064_Dry","N/A",19.7687501311599,-4.4018
"EC_064_INC-D1",-4.1,-0.69,-0.7406,-4.4018,19.7131907039048,19.7687501311599,"EC_064_Dry","N/A",19.7687501311599,-4.4018
"EC_064_INC-D2",-3.832,-0.645,-0.7406,-4.4018,19.7131907039048,19.7687501311599,"EC_064_Dry","N/A",19.7687501311599,-4.4018
"EC_064_INC-D3",-3.541,-0.596,-0.7406,-4.4018,19.7131907039048,19.7687501311599,"EC_064_Dry","N/A",19.7687501311599,-4.4018
"EC_063_INC-W2",-28.603,-9.49,-5.402,-16.3224,44.0264134714441,43.7323020440761,"EC_063_Wet","N/A",43.7323020440761,-16.3224
"EC_063_INC-W3",-15.222,-5.04,-5.402,-16.3224,44.0264134714441,43.7323020440761,"EC_063_Wet","N/A",43.7323020440761,-16.3224
"EC_063_INC-W5",-15.192,-5.037,-5.402,-16.3224,44.0264134714441,43.7323020440761,"EC_063_Wet","N/A",43.7323020440761,-16.3224
"EC_063_INC-W1",-11.376,-3.746,-5.402,-16.3224,44.0264134714441,43.7323020440761,"EC_063_Wet","N/A",43.7323020440761,-16.3224
"EC_063_INC-W4",-11.219,-3.697,-5.402,-16.3224,44.0264134714441,43.7323020440761,"EC_063_Wet","N/A",43.7323020440761,-16.3224
"EC_063_INC-D5",-1.398,-0.464,-0.3064,-0.9252,59.6078461624063,59.5594672076779,"EC_063_Dry","N/A",59.5594672076779,-0.9252
"EC_063_INC-D4",-1.225,-0.404,-0.3064,-0.9252,59.6078461624063,59.5594672076779,"EC_063_Dry","N/A",59.5594672076779,-0.9252
"EC_063_INC-D1",-1.131,-0.376,-0.3064,-0.9252,59.6078461624063,59.5594672076779,"EC_063_Dry","N/A",59.5594672076779,-0.9252
"EC_063_INC-D2",-0.872,-0.288,-0.3064,-0.9252,59.6078461624063,59.5594672076779,"EC_063_Dry","N/A",59.5594672076779,-0.9252
"EC_063_INC-D3",0,0,-0.3064,-0.9252,59.6078461624063,59.5594672076779,"EC_063_Dry","N/A",59.5594672076779,-0.9252
"EC_057_INC-W3",-0.928,-0.317,-0.1594,-0.4658,68.8383317541733,68.926971243256,"EC_057_Wet","N/A",68.926971243256,-0.4658
"EC_057_INC-W1",-0.609,-0.209,-0.1594,-0.4658,68.8383317541733,68.926971243256,"EC_057_Wet","N/A",68.926971243256,-0.4658
"EC_057_INC-W4",-0.456,-0.156,-0.1594,-0.4658,68.8383317541733,68.926971243256,"EC_057_Wet","N/A",68.926971243256,-0.4658
"EC_057_INC-W5",-0.187,-0.064,-0.1594,-0.4658,68.8383317541733,68.926971243256,"EC_057_Wet","N/A",68.926971243256,-0.4658
"EC_057_INC-W2",-0.149,-0.051,-0.1594,-0.4658,68.8383317541733,68.926971243256,"EC_057_Wet","N/A",68.926971243256,-0.4658
"EC_057_INC-D1",-0.362,-0.124,-0.0624,-0.183,141.650712641509,141.815649565146,"EC_057_Dry","Issue in dropping sample",200,-0.0905
"EC_057_INC-D2",0,0,-0.0624,-0.183,141.650712641509,141.815649565146,"EC_057_Dry","Issue in dropping sample",200,-0.0905
"EC_057_INC-D4",0,0,-0.0624,-0.183,141.650712641509,141.815649565146,"EC_057_Dry","Issue in dropping sample",200,-0.0905
"EC_057_INC-D5",0,0,-0.0624,-0.183,141.650712641509,141.815649565146,"EC_057_Dry","Issue in dropping sample",200,-0.0905
"EC_056_INC-W1",0,0,0,0,NA,NA,"EC_056_Wet",NA,NA,0
"EC_056_INC-W2",0,0,0,0,NA,NA,"EC_056_Wet",NA,NA,0
"EC_056_INC-W3",0,0,0,0,NA,NA,"EC_056_Wet",NA,NA,0
"EC_056_INC-W4",0,0,0,0,NA,NA,"EC_056_Wet",NA,NA,0
"EC_056_INC-W5",0,0,0,0,NA,NA,"EC_056_Wet",NA,NA,0
"EC_056_INC-D1",0,0,0,0,NA,NA,"EC_056_Dry",NA,NA,0
"EC_056_INC-D2",0,0,0,0,NA,NA,"EC_056_Dry",NA,NA,0
"EC_056_INC-D3",0,0,0,0,NA,NA,"EC_056_Dry",NA,NA,0
"EC_056_INC-D4",0,0,0,0,NA,NA,"EC_056_Dry",NA,NA,0
"EC_056_INC-D5",0,0,0,0,NA,NA,"EC_056_Dry",NA,NA,0
"EC_053_INC-W2",-9.542,-2.559,-1.3188,-4.8844,56.8833115272061,57.3914214099045,"EC_053_Wet","N/A",57.3914214099045,-4.8844
"EC_053_INC-W4",-4.994,-1.349,-1.3188,-4.8844,56.8833115272061,57.3914214099045,"EC_053_Wet","N/A",57.3914214099045,-4.8844
"EC_053_INC-W5",-4.493,-1.236,-1.3188,-4.8844,56.8833115272061,57.3914214099045,"EC_053_Wet","N/A",57.3914214099045,-4.8844
"EC_053_INC-W3",-2.702,-0.724,-1.3188,-4.8844,56.8833115272061,57.3914214099045,"EC_053_Wet","N/A",57.3914214099045,-4.8844
"EC_053_INC-W1",-2.691,-0.726,-1.3188,-4.8844,56.8833115272061,57.3914214099045,"EC_053_Wet","N/A",57.3914214099045,-4.8844
"EC_053_INC-D4",-1.971,-0.527,-0.4336,-1.609,18.4066021234034,18.9946520783681,"EC_053_Dry","N/A",18.9946520783681,-1.609
"EC_053_INC-D2",-1.746,-0.469,-0.4336,-1.609,18.4066021234034,18.9946520783681,"EC_053_Dry","N/A",18.9946520783681,-1.609
"EC_053_INC-D1",-1.744,-0.472,-0.4336,-1.609,18.4066021234034,18.9946520783681,"EC_053_Dry","N/A",18.9946520783681,-1.609
"EC_053_INC-D5",-1.34,-0.355,-0.4336,-1.609,18.4066021234034,18.9946520783681,"EC_053_Dry","N/A",18.9946520783681,-1.609
"EC_053_INC-D3",-1.244,-0.345,-0.4336,-1.609,18.4066021234034,18.9946520783681,"EC_053_Dry","N/A",18.9946520783681,-1.609
"EC_052_INC-W2",-40.401,-9.522,-6.1128,-25.8966,34.3011549881775,34.3729902763858,"EC_052_Wet","N/A",34.3729902763858,-25.8966
"EC_052_INC-W3",-28.495,-6.74,-6.1128,-25.8966,34.3011549881775,34.3729902763858,"EC_052_Wet","N/A",34.3729902763858,-25.8966
"EC_052_INC-W5",-21.31,-5.045,-6.1128,-25.8966,34.3011549881775,34.3729902763858,"EC_052_Wet","N/A",34.3729902763858,-25.8966
"EC_052_INC-W4",-20.112,-4.736,-6.1128,-25.8966,34.3011549881775,34.3729902763858,"EC_052_Wet","N/A",34.3729902763858,-25.8966
"EC_052_INC-W1",-19.165,-4.521,-6.1128,-25.8966,34.3011549881775,34.3729902763858,"EC_052_Wet","N/A",34.3729902763858,-25.8966
"EC_052_INC-D4",-28.533,-6.731,-3.6562,-15.489,58.4450000858085,58.4903574010979,"EC_052_Dry","N/A",58.4903574010979,-15.489
"EC_052_INC-D3",-16.554,-3.912,-3.6562,-15.489,58.4450000858085,58.4903574010979,"EC_052_Dry","N/A",58.4903574010979,-15.489
"EC_052_INC-D1",-15.812,-3.74,-3.6562,-15.489,58.4450000858085,58.4903574010979,"EC_052_Dry","N/A",58.4903574010979,-15.489
"EC_052_INC-D5",-13.41,-3.155,-3.6562,-15.489,58.4450000858085,58.4903574010979,"EC_052_Dry","N/A",58.4903574010979,-15.489
"EC_052_INC-D2",-3.136,-0.743,-3.6562,-15.489,58.4450000858085,58.4903574010979,"EC_052_Dry","N/A",58.4903574010979,-15.489
"EC_051_INC-W4",-5.489,-1.589,-2.6802,-9.2612,132.653316906019,132.600663013467,"EC_051_Wet","N/A",43.3245918677253,-3.8065
"EC_051_INC-W1",-4.954,-1.433,-2.6802,-9.2612,132.653316906019,132.600663013467,"EC_051_Wet","N/A",43.3245918677253,-3.8065
"EC_051_INC-W2",-2.451,-0.71,-2.6802,-9.2612,132.653316906019,132.600663013467,"EC_051_Wet","N/A",43.3245918677253,-3.8065
"EC_051_INC-W3",-2.332,-0.672,-2.6802,-9.2612,132.653316906019,132.600663013467,"EC_051_Wet","N/A",43.3245918677253,-3.8065
"EC_051_INC-D1",-8.806,-2.553,-3.2334,-11.1746,172.294676300239,172.352895121713,"EC_051_Dry","N/A",150.314875088686,-2.70675
"EC_051_INC-D4",-0.833,-0.241,-3.2334,-11.1746,172.294676300239,172.352895121713,"EC_051_Dry","N/A",150.314875088686,-2.70675
"EC_051_INC-D3",-0.7,-0.202,-3.2334,-11.1746,172.294676300239,172.352895121713,"EC_051_Dry","N/A",150.314875088686,-2.70675
"EC_051_INC-D5",-0.488,-0.141,-3.2334,-11.1746,172.294676300239,172.352895121713,"EC_051_Dry","N/A",150.314875088686,-2.70675
"EC_044_INC-W4",-28.323,-9.288,-4.5036,-13.7504,71.3722829944155,71.3221925483777,"EC_044_Wet","N/A",71.3221925483777,-13.7504
"EC_044_INC-W3",-17.926,-5.858,-4.5036,-13.7504,71.3722829944155,71.3221925483777,"EC_044_Wet","N/A",71.3221925483777,-13.7504
"EC_044_INC-W5",-11.797,-3.858,-4.5036,-13.7504,71.3722829944155,71.3221925483777,"EC_044_Wet","N/A",71.3221925483777,-13.7504
"EC_044_INC-W1",-7.597,-2.498,-4.5036,-13.7504,71.3722829944155,71.3221925483777,"EC_044_Wet","N/A",71.3221925483777,-13.7504
"EC_044_INC-W2",-3.109,-1.016,-4.5036,-13.7504,71.3722829944155,71.3221925483777,"EC_044_Wet","N/A",71.3221925483777,-13.7504
"EC_044_INC-D1",0,0,-0.0084,-0.0256,223.606797749979,223.606797749979,"EC_044_Dry",NA,NA,0
"EC_044_INC-D2",0,0,-0.0084,-0.0256,223.606797749979,223.606797749979,"EC_044_Dry",NA,NA,0
"EC_044_INC-D3",0,0,-0.0084,-0.0256,223.606797749979,223.606797749979,"EC_044_Dry",NA,NA,0
"EC_044_INC-D4",0,0,-0.0084,-0.0256,223.606797749979,223.606797749979,"EC_044_Dry",NA,NA,0
"EC_042_INC-W1",-32.071,-9.132,-4.3,-15.0992,62.9896718207388,63.0180083435062,"EC_042_Wet","N/A",63.0180083435062,-15.0992
"EC_042_INC-W3",-11.62,-3.291,-4.3,-15.0992,62.9896718207388,63.0180083435062,"EC_042_Wet","N/A",63.0180083435062,-15.0992
"EC_042_INC-W2",-11.2,-3.199,-4.3,-15.0992,62.9896718207388,63.0180083435062,"EC_042_Wet","N/A",63.0180083435062,-15.0992
"EC_042_INC-W5",-10.931,-3.115,-4.3,-15.0992,62.9896718207388,63.0180083435062,"EC_042_Wet","N/A",63.0180083435062,-15.0992
"EC_042_INC-W4",-9.674,-2.763,-4.3,-15.0992,62.9896718207388,63.0180083435062,"EC_042_Wet","N/A",63.0180083435062,-15.0992
"EC_042_INC-D3",-1.698,-0.481,-1.3492,-4.7552,164.678181359254,164.74376874078,"EC_042_Dry","N/A",35.3582674064415,-1.256
"EC_042_INC-D2",-1.382,-0.393,-1.3492,-4.7552,164.678181359254,164.74376874078,"EC_042_Dry","N/A",35.3582674064415,-1.256
"EC_042_INC-D5",-1.303,-0.37,-1.3492,-4.7552,164.678181359254,164.74376874078,"EC_042_Dry","N/A",35.3582674064415,-1.256
"EC_042_INC-D1",-0.641,-0.183,-1.3492,-4.7552,164.678181359254,164.74376874078,"EC_042_Dry","N/A",35.3582674064415,-1.256
"EC_041_INC-W2",-586.556,-157.769,-126.9392,-472.6022,20.2187845537214,20.1800114241276,"EC_041_Wet","N/A",20.1800114241276,-472.6022
"EC_041_INC-W1",-528.743,-142.104,-126.9392,-472.6022,20.2187845537214,20.1800114241276,"EC_041_Wet","N/A",20.1800114241276,-472.6022
"EC_041_INC-W3",-497.682,-133.324,-126.9392,-472.6022,20.2187845537214,20.1800114241276,"EC_041_Wet","N/A",20.1800114241276,-472.6022
"EC_041_INC-W5",-391.895,-105.325,-126.9392,-472.6022,20.2187845537214,20.1800114241276,"EC_041_Wet","N/A",20.1800114241276,-472.6022
"EC_041_INC-W4",-358.135,-96.174,-126.9392,-472.6022,20.2187845537214,20.1800114241276,"EC_041_Wet","N/A",20.1800114241276,-472.6022
"EC_041_INC-D3",-25.908,-6.963,-3.8116,-14.2134,79.0790538815584,79.0362973838389,"EC_041_Dry","N/A",79.0362973838389,-14.2134
"EC_041_INC-D1",-24.51,-6.566,-3.8116,-14.2134,79.0790538815584,79.0362973838389,"EC_041_Dry","N/A",79.0362973838389,-14.2134
"EC_041_INC-D4",-15.072,-4.031,-3.8116,-14.2134,79.0790538815584,79.0362973838389,"EC_041_Dry","N/A",79.0362973838389,-14.2134
"EC_041_INC-D2",-3.113,-0.838,-3.8116,-14.2134,79.0790538815584,79.0362973838389,"EC_041_Dry","N/A",79.0362973838389,-14.2134
"EC_041_INC-D5",-2.464,-0.66,-3.8116,-14.2134,79.0790538815584,79.0362973838389,"EC_041_Dry","N/A",79.0362973838389,-14.2134
"EC_040_INC-W4",-946.685,-256.415,-222.7536,-819.648,15.6272663129808,15.6363128406763,"EC_040_Wet","N/A",15.6363128406763,-819.648
"EC_040_INC-W2",-899.716,-246.264,-222.7536,-819.648,15.6272663129808,15.6363128406763,"EC_040_Wet","N/A",15.6363128406763,-819.648
"EC_040_INC-W3",-860.086,-233.337,-222.7536,-819.648,15.6272663129808,15.6363128406763,"EC_040_Wet","N/A",15.6363128406763,-819.648
"EC_040_INC-W1",-769.631,-208.29,-222.7536,-819.648,15.6272663129808,15.6363128406763,"EC_040_Wet","N/A",15.6363128406763,-819.648
"EC_040_INC-W5",-622.122,-169.462,-222.7536,-819.648,15.6272663129808,15.6363128406763,"EC_040_Wet","N/A",15.6363128406763,-819.648
"EC_040_INC-D1",-2.871,-0.791,-0.4062,-1.4814,56.2126336162253,55.9487003149612,"EC_040_Dry","N/A",55.9487003149612,-1.4814
"EC_040_INC-D5",-1.629,-0.441,-0.4062,-1.4814,56.2126336162253,55.9487003149612,"EC_040_Dry","N/A",55.9487003149612,-1.4814
"EC_040_INC-D4",-1.014,-0.279,-0.4062,-1.4814,56.2126336162253,55.9487003149612,"EC_040_Dry","N/A",55.9487003149612,-1.4814
"EC_040_INC-D2",-0.993,-0.273,-0.4062,-1.4814,56.2126336162253,55.9487003149612,"EC_040_Dry","N/A",55.9487003149612,-1.4814
"EC_040_INC-D3",-0.9,-0.247,-0.4062,-1.4814,56.2126336162253,55.9487003149612,"EC_040_Dry","N/A",55.9487003149612,-1.4814
"EC_039_INC-W2",-27.889,-8.443,-4.1272,-13.5318,120.643088028859,120.609559945774,"EC_039_Wet","Issue in dropping sample",158.015112544097,-8.27675
"EC_039_INC-W1",-2.131,-0.658,-4.1272,-13.5318,120.643088028859,120.609559945774,"EC_039_Wet","Issue in dropping sample",158.015112544097,-8.27675
"EC_039_INC-W4",-1.715,-0.526,-4.1272,-13.5318,120.643088028859,120.609559945774,"EC_039_Wet","Issue in dropping sample",158.015112544097,-8.27675
"EC_039_INC-W3",-1.372,-0.418,-4.1272,-13.5318,120.643088028859,120.609559945774,"EC_039_Wet","Issue in dropping sample",158.015112544097,-8.27675
"EC_039_INC-D1",0,0,0,0,NA,NA,"EC_039_Dry",NA,NA,0
"EC_039_INC-D2",0,0,0,0,NA,NA,"EC_039_Dry",NA,NA,0
"EC_039_INC-D3",0,0,0,0,NA,NA,"EC_039_Dry",NA,NA,0
"EC_039_INC-D4",0,0,0,0,NA,NA,"EC_039_Dry",NA,NA,0
"EC_039_INC-D5",0,0,0,0,NA,NA,"EC_039_Dry",NA,NA,0
"EC_038_INC-W2",-45.922,-14.654,-29.489,-91.8824,152.803203908998,152.69825443906,"EC_038_Wet","N/A",50.9538603034051,-29.406
"EC_038_INC-W4",-38.272,-12.213,-29.489,-91.8824,152.803203908998,152.69825443906,"EC_038_Wet","N/A",50.9538603034051,-29.406
"EC_038_INC-W3",-16.778,-5.403,-29.489,-91.8824,152.803203908998,152.69825443906,"EC_038_Wet","N/A",50.9538603034051,-29.406
"EC_038_INC-W1",-16.652,-5.415,-29.489,-91.8824,152.803203908998,152.69825443906,"EC_038_Wet","N/A",50.9538603034051,-29.406
"EC_038_INC-D1",-1.386,-0.449,-0.3214,-0.9968,30.3121665112502,30.0781111386992,"EC_038_Dry","N/A",30.0781111386992,-0.9968
"EC_038_INC-D5",-1.166,-0.372,-0.3214,-0.9968,30.3121665112502,30.0781111386992,"EC_038_Dry","N/A",30.0781111386992,-0.9968
"EC_038_INC-D2",-1.03,-0.335,-0.3214,-0.9968,30.3121665112502,30.0781111386992,"EC_038_Dry","N/A",30.0781111386992,-0.9968
"EC_038_INC-D4",-0.742,-0.242,-0.3214,-0.9968,30.3121665112502,30.0781111386992,"EC_038_Dry","N/A",30.0781111386992,-0.9968
"EC_038_INC-D3",-0.66,-0.209,-0.3214,-0.9968,30.3121665112502,30.0781111386992,"EC_038_Dry","N/A",30.0781111386992,-0.9968
"EC_037_INC-W3",-12.835,-4.405,-2.884,-8.2534,48.6503187931185,48.8412755858715,"EC_037_Wet","N/A",48.8412755858715,-8.2534
"EC_037_INC-W5",-12.492,-4.434,-2.884,-8.2534,48.6503187931185,48.8412755858715,"EC_037_Wet","N/A",48.8412755858715,-8.2534
"EC_037_INC-W4",-5.524,-1.943,-2.884,-8.2534,48.6503187931185,48.8412755858715,"EC_037_Wet","N/A",48.8412755858715,-8.2534
"EC_037_INC-W1",-5.354,-1.867,-2.884,-8.2534,48.6503187931185,48.8412755858715,"EC_037_Wet","N/A",48.8412755858715,-8.2534
"EC_037_INC-W2",-5.062,-1.771,-2.884,-8.2534,48.6503187931185,48.8412755858715,"EC_037_Wet","N/A",48.8412755858715,-8.2534
"EC_037_INC-D1",-6.052,-2.084,-1.2488,-3.6104,56.4757558751529,56.6210127415222,"EC_037_Dry","N/A",56.6210127415222,-3.6104
"EC_037_INC-D2",-4.665,-1.616,-1.2488,-3.6104,56.4757558751529,56.6210127415222,"EC_037_Dry","N/A",56.6210127415222,-3.6104
"EC_037_INC-D3",-4.365,-1.517,-1.2488,-3.6104,56.4757558751529,56.6210127415222,"EC_037_Dry","N/A",56.6210127415222,-3.6104
"EC_037_INC-D5",-1.623,-0.558,-1.2488,-3.6104,56.4757558751529,56.6210127415222,"EC_037_Dry","N/A",56.6210127415222,-3.6104
"EC_037_INC-D4",-1.347,-0.469,-1.2488,-3.6104,56.4757558751529,56.6210127415222,"EC_037_Dry","N/A",56.6210127415222,-3.6104
"EC_035_INC-W4",-1956.27,-276.469,-270.9562,-1921.4924,1.74078805971361,1.58678015706283,"EC_035_Wet","N/A",1.58678015706283,-1921.4924
"EC_035_INC-W2",-1947.44,-274.839,-270.9562,-1921.4924,1.74078805971361,1.58678015706283,"EC_035_Wet","N/A",1.58678015706283,-1921.4924
"EC_035_INC-W5",-1916.759,-270.133,-270.9562,-1921.4924,1.74078805971361,1.58678015706283,"EC_035_Wet","N/A",1.58678015706283,-1921.4924
"EC_035_INC-W1",-1904.583,-268.417,-270.9562,-1921.4924,1.74078805971361,1.58678015706283,"EC_035_Wet","N/A",1.58678015706283,-1921.4924
"EC_035_INC-W3",-1882.41,-264.923,-270.9562,-1921.4924,1.74078805971361,1.58678015706283,"EC_035_Wet","N/A",1.58678015706283,-1921.4924
"EC_035_INC-D2",-1925.21,-268.682,-236.8256,-1684.2428,28.2131944222686,28.3665303814031,"EC_035_Dry","N/A",28.3665303814031,-1684.2428
"EC_035_INC-D4",-1917.497,-269.861,-236.8256,-1684.2428,28.2131944222686,28.3665303814031,"EC_035_Dry","N/A",28.3665303814031,-1684.2428
"EC_035_INC-D1",-1881.862,-265.215,-236.8256,-1684.2428,28.2131944222686,28.3665303814031,"EC_035_Dry","N/A",28.3665303814031,-1684.2428
"EC_035_INC-D5",-1865.919,-262.968,-236.8256,-1684.2428,28.2131944222686,28.3665303814031,"EC_035_Dry","N/A",28.3665303814031,-1684.2428
"EC_035_INC-D3",-830.726,-117.402,-236.8256,-1684.2428,28.2131944222686,28.3665303814031,"EC_035_Dry","N/A",28.3665303814031,-1684.2428
"EC_034_INC-W2",-892.918,-258.728,-237.2118,-817.3914,9.09068466326488,9.03919303518386,"EC_034_Wet","N/A",9.03919303518386,-817.3914
"EC_034_INC-W4",-865.985,-252.83,-237.2118,-817.3914,9.09068466326488,9.03919303518386,"EC_034_Wet","N/A",9.03919303518386,-817.3914
"EC_034_INC-W5",-843.885,-243.593,-237.2118,-817.3914,9.09068466326488,9.03919303518386,"EC_034_Wet","N/A",9.03919303518386,-817.3914
"EC_034_INC-W1",-771.466,-224.555,-237.2118,-817.3914,9.09068466326488,9.03919303518386,"EC_034_Wet","N/A",9.03919303518386,-817.3914
"EC_034_INC-W3",-712.703,-206.353,-237.2118,-817.3914,9.09068466326488,9.03919303518386,"EC_034_Wet","N/A",9.03919303518386,-817.3914
"EC_034_INC-D5",-6.435,-1.866,-1.3526,-4.671,23.0701575924463,22.8817457406133,"EC_034_Dry","N/A",22.8817457406133,-4.671
"EC_034_INC-D1",-4.718,-1.368,-1.3526,-4.671,23.0701575924463,22.8817457406133,"EC_034_Dry","N/A",22.8817457406133,-4.671
"EC_034_INC-D2",-4.556,-1.323,-1.3526,-4.671,23.0701575924463,22.8817457406133,"EC_034_Dry","N/A",22.8817457406133,-4.671
"EC_034_INC-D4",-3.868,-1.113,-1.3526,-4.671,23.0701575924463,22.8817457406133,"EC_034_Dry","N/A",22.8817457406133,-4.671
"EC_034_INC-D3",-3.778,-1.093,-1.3526,-4.671,23.0701575924463,22.8817457406133,"EC_034_Dry","N/A",22.8817457406133,-4.671
"EC_033_INC-W2",0,0,-0.0068,-0.0216,223.606797749979,223.606797749979,"EC_033_Wet",NA,NA,0
"EC_033_INC-W3",0,0,-0.0068,-0.0216,223.606797749979,223.606797749979,"EC_033_Wet",NA,NA,0
"EC_033_INC-W4",0,0,-0.0068,-0.0216,223.606797749979,223.606797749979,"EC_033_Wet",NA,NA,0
"EC_033_INC-W5",0,0,-0.0068,-0.0216,223.606797749979,223.606797749979,"EC_033_Wet",NA,NA,0
"EC_033_INC-D1",0,0,-0.036,-0.114,223.606797749979,223.606797749979,"EC_033_Dry",NA,NA,0
"EC_033_INC-D2",0,0,-0.036,-0.114,223.606797749979,223.606797749979,"EC_033_Dry",NA,NA,0
"EC_033_INC-D3",0,0,-0.036,-0.114,223.606797749979,223.606797749979,"EC_033_Dry",NA,NA,0
"EC_033_INC-D5",0,0,-0.036,-0.114,223.606797749979,223.606797749979,"EC_033_Dry",NA,NA,0
"EC_032_INC-W2",-1442.844,-267.866,-267.0978,-1414.4874,0.685660442563651,1.56378953991591,"EC_032_Wet","N/A",1.56378953991591,-1414.4874
"EC_032_INC-W1",-1426.07,-265.923,-267.0978,-1414.4874,0.685660442563651,1.56378953991591,"EC_032_Wet","N/A",1.56378953991591,-1414.4874
"EC_032_INC-W5",-1415.353,-269.748,-267.0978,-1414.4874,0.685660442563651,1.56378953991591,"EC_032_Wet","N/A",1.56378953991591,-1414.4874
"EC_032_INC-W3",-1403.718,-266.952,-267.0978,-1414.4874,0.685660442563651,1.56378953991591,"EC_032_Wet","N/A",1.56378953991591,-1414.4874
"EC_032_INC-W4",-1384.452,-265,-267.0978,-1414.4874,0.685660442563651,1.56378953991591,"EC_032_Wet","N/A",1.56378953991591,-1414.4874
"EC_032_INC-D2",-1407.972,-260.814,-207.747,-1098.638,24.1497873774509,25.6035905906689,"EC_032_Dry","N/A",25.6035905906689,-1098.638
"EC_032_INC-D4",-1270.059,-238.136,-207.747,-1098.638,24.1497873774509,25.6035905906689,"EC_032_Dry","N/A",25.6035905906689,-1098.638
"EC_032_INC-D1",-1144.505,-221.433,-207.747,-1098.638,24.1497873774509,25.6035905906689,"EC_032_Dry","N/A",25.6035905906689,-1098.638
"EC_032_INC-D3",-994.475,-185.851,-207.747,-1098.638,24.1497873774509,25.6035905906689,"EC_032_Dry","N/A",25.6035905906689,-1098.638
"EC_032_INC-D5",-676.179,-132.501,-207.747,-1098.638,24.1497873774509,25.6035905906689,"EC_032_Dry","N/A",25.6035905906689,-1098.638
"EC_027_INC-W2",-1385.2,-265.758,-238.374,-1241.11075,16.0907896480291,16.0791980891104,"EC_027_Wet","N/A",16.0791980891104,-1241.11075
"EC_027_INC-W4",-1356.767,-261.147,-238.374,-1241.11075,16.0907896480291,16.0791980891104,"EC_027_Wet","N/A",16.0791980891104,-1241.11075
"EC_027_INC-W3",-1271.864,-244.014,-238.374,-1241.11075,16.0907896480291,16.0791980891104,"EC_027_Wet","N/A",16.0791980891104,-1241.11075
"EC_027_INC-W1",-950.612,-182.577,-238.374,-1241.11075,16.0907896480291,16.0791980891104,"EC_027_Wet","N/A",16.0791980891104,-1241.11075
"EC_027_INC-D4",-571.73,-109.808,-40.3293333333333,-209.944333333333,149.305442967396,149.34493883186,"EC_027_Dry","N/A",149.34493883186,-209.944333333333
"EC_027_INC-D5",-40.945,-7.881,-40.3293333333333,-209.944333333333,149.305442967396,149.34493883186,"EC_027_Dry","N/A",149.34493883186,-209.944333333333
"EC_027_INC-D3",-17.158,-3.299,-40.3293333333333,-209.944333333333,149.305442967396,149.34493883186,"EC_027_Dry","N/A",149.34493883186,-209.944333333333
"EC_024_INC-W1",-11.928,-4.103,-2.187,-6.358,58.8519554428437,58.8771995445707,"EC_024_Wet","N/A",58.8771995445707,-6.358
"EC_024_INC-W5",-8.48,-2.913,-2.187,-6.358,58.8519554428437,58.8771995445707,"EC_024_Wet","N/A",58.8771995445707,-6.358
"EC_024_INC-W4",-4.52,-1.564,-2.187,-6.358,58.8519554428437,58.8771995445707,"EC_024_Wet","N/A",58.8771995445707,-6.358
"EC_024_INC-W3",-3.508,-1.209,-2.187,-6.358,58.8519554428437,58.8771995445707,"EC_024_Wet","N/A",58.8771995445707,-6.358
"EC_024_INC-W2",-3.354,-1.146,-2.187,-6.358,58.8519554428437,58.8771995445707,"EC_024_Wet","N/A",58.8771995445707,-6.358
"EC_024_INC-D1",0,0,0,0,NA,NA,"EC_024_Dry",NA,NA,0
"EC_024_INC-D2",0,0,0,0,NA,NA,"EC_024_Dry",NA,NA,0
"EC_024_INC-D3",0,0,0,0,NA,NA,"EC_024_Dry",NA,NA,0
"EC_024_INC-D4",0,0,0,0,NA,NA,"EC_024_Dry",NA,NA,0
"EC_024_INC-D5",0,0,0,0,NA,NA,"EC_024_Dry",NA,NA,0
"EC_022_INC-W5",-38.431,-11.869,-26.1104,-84.596,158.146537177797,158.169511393832,"EC_022_Wet","N/A",43.5625261497164,-24.90425
"EC_022_INC-W1",-28.906,-8.908,-26.1104,-84.596,158.146537177797,158.169511393832,"EC_022_Wet","N/A",43.5625261497164,-24.90425
"EC_022_INC-W4",-16.633,-5.137,-26.1104,-84.596,158.146537177797,158.169511393832,"EC_022_Wet","N/A",43.5625261497164,-24.90425
"EC_022_INC-W2",-15.647,-4.843,-26.1104,-84.596,158.146537177797,158.169511393832,"EC_022_Wet","N/A",43.5625261497164,-24.90425
"EC_022_INC-D1",-1.606,-0.496,-0.2948,-0.9564,40.6676666651664,40.3673743327921,"EC_022_Dry","N/A",40.3673743327921,-0.9564
"EC_022_INC-D4",-0.97,-0.301,-0.2948,-0.9564,40.6676666651664,40.3673743327921,"EC_022_Dry","N/A",40.3673743327921,-0.9564
"EC_022_INC-D5",-0.842,-0.259,-0.2948,-0.9564,40.6676666651664,40.3673743327921,"EC_022_Dry","N/A",40.3673743327921,-0.9564
"EC_022_INC-D2",-0.754,-0.231,-0.2948,-0.9564,40.6676666651664,40.3673743327921,"EC_022_Dry","N/A",40.3673743327921,-0.9564
"EC_022_INC-D3",-0.61,-0.187,-0.2948,-0.9564,40.6676666651664,40.3673743327921,"EC_022_Dry","N/A",40.3673743327921,-0.9564
"EC_021_INC-W5",-2.103,-0.662,-0.4486,-1.4264,99.9154490780582,100.094674241035,"EC_021_Wet","N/A",94.199918425393,-0.873
"EC_021_INC-W1",-0.532,-0.168,-0.4486,-1.4264,99.9154490780582,100.094674241035,"EC_021_Wet","N/A",94.199918425393,-0.873
"EC_021_INC-W2",-0.476,-0.15,-0.4486,-1.4264,99.9154490780582,100.094674241035,"EC_021_Wet","N/A",94.199918425393,-0.873
"EC_021_INC-W4",-0.381,-0.12,-0.4486,-1.4264,99.9154490780582,100.094674241035,"EC_021_Wet","N/A",94.199918425393,-0.873
"EC_021_INC-D4",-1.072,-0.331,-0.17,-0.5446,142.403369774677,141.99613176343,"EC_021_Dry","Issue in dropping sample",200,-0.268
"EC_021_INC-D1",0,0,-0.17,-0.5446,142.403369774677,141.99613176343,"EC_021_Dry","Issue in dropping sample",200,-0.268
"EC_021_INC-D2",0,0,-0.17,-0.5446,142.403369774677,141.99613176343,"EC_021_Dry","Issue in dropping sample",200,-0.268
"EC_021_INC-D3",0,0,-0.17,-0.5446,142.403369774677,141.99613176343,"EC_021_Dry","Issue in dropping sample",200,-0.268
"EC_018_INC-W4",-1.797,-0.466,-26.8794,-103.8982,220.693534743594,220.694261445885,"EC_018_Wet","N/A",38.548675938147,-1.3535
"EC_018_INC-W2",-1.793,-0.463,-26.8794,-103.8982,220.693534743594,220.694261445885,"EC_018_Wet","N/A",38.548675938147,-1.3535
"EC_018_INC-W1",-1.048,-0.271,-26.8794,-103.8982,220.693534743594,220.694261445885,"EC_018_Wet","N/A",38.548675938147,-1.3535
"EC_018_INC-W5",-0.776,-0.201,-26.8794,-103.8982,220.693534743594,220.694261445885,"EC_018_Wet","N/A",38.548675938147,-1.3535
"EC_018_INC-D2",0,0,-0.0198,-0.0764,223.606797749979,223.606797749979,"EC_018_Dry",NA,NA,0
"EC_018_INC-D3",0,0,-0.0198,-0.0764,223.606797749979,223.606797749979,"EC_018_Dry",NA,NA,0
"EC_018_INC-D4",0,0,-0.0198,-0.0764,223.606797749979,223.606797749979,"EC_018_Dry",NA,NA,0
"EC_018_INC-D5",0,0,-0.0198,-0.0764,223.606797749979,223.606797749979,"EC_018_Dry",NA,NA,0
"EC_017_INC-W1",-4.273,-1.347,-0.8332,-2.637,36.02799761417,36.1839829451519,"EC_017_Wet","N/A",36.1839829451519,-2.637
"EC_017_INC-W2",-2.534,-0.801,-0.8332,-2.637,36.02799761417,36.1839829451519,"EC_017_Wet","N/A",36.1839829451519,-2.637
"EC_017_INC-W3",-2.378,-0.756,-0.8332,-2.637,36.02799761417,36.1839829451519,"EC_017_Wet","N/A",36.1839829451519,-2.637
"EC_017_INC-W5",-2.195,-0.693,-0.8332,-2.637,36.02799761417,36.1839829451519,"EC_017_Wet","N/A",36.1839829451519,-2.637
"EC_017_INC-W4",-1.805,-0.569,-0.8332,-2.637,36.02799761417,36.1839829451519,"EC_017_Wet","N/A",36.1839829451519,-2.637
"EC_017_INC-D1",-1.362,-0.429,-1.2204,-3.835,184.112399173338,183.822424721703,"EC_017_Dry","N/A",90.9112490617198,-0.69175
"EC_017_INC-D3",-1.062,-0.337,-1.2204,-3.835,184.112399173338,183.822424721703,"EC_017_Dry","N/A",90.9112490617198,-0.69175
"EC_017_INC-D4",-0.343,-0.108,-1.2204,-3.835,184.112399173338,183.822424721703,"EC_017_Dry","N/A",90.9112490617198,-0.69175
"EC_017_INC-D2",0,0,-1.2204,-3.835,184.112399173338,183.822424721703,"EC_017_Dry","N/A",90.9112490617198,-0.69175
"EC_014_INC-W4",-572.035,-137.274,-68.6005,-286.4995,114.794801635647,114.791333187907,"EC_014_Wet","N/A",114.791333187907,-286.4995
"EC_014_INC-W3",-570.594,-136.324,-68.6005,-286.4995,114.794801635647,114.791333187907,"EC_014_Wet","N/A",114.791333187907,-286.4995
"EC_014_INC-W2",-1.872,-0.446,-68.6005,-286.4995,114.794801635647,114.791333187907,"EC_014_Wet","N/A",114.791333187907,-286.4995
"EC_014_INC-W1",-1.497,-0.358,-68.6005,-286.4995,114.794801635647,114.791333187907,"EC_014_Wet","N/A",114.791333187907,-286.4995
"EC_014_INC-D2",-1.805,-0.432,-0.3258,-1.362,19.6264405514668,19.6112223441552,"EC_014_Dry","N/A",19.6112223441552,-1.362
"EC_014_INC-D4",-1.401,-0.335,-0.3258,-1.362,19.6264405514668,19.6112223441552,"EC_014_Dry","N/A",19.6112223441552,-1.362
"EC_014_INC-D5",-1.278,-0.305,-0.3258,-1.362,19.6264405514668,19.6112223441552,"EC_014_Dry","N/A",19.6112223441552,-1.362
"EC_014_INC-D1",-1.189,-0.285,-0.3258,-1.362,19.6264405514668,19.6112223441552,"EC_014_Dry","N/A",19.6112223441552,-1.362
"EC_014_INC-D3",-1.137,-0.272,-0.3258,-1.362,19.6264405514668,19.6112223441552,"EC_014_Dry","N/A",19.6112223441552,-1.362
"EC_013_INC-W2",-98.853,-18.505,-14.0135,-75.00375,31.6027462659734,31.5823285230313,"EC_013_Wet","N/A",31.5823285230313,-75.00375
"EC_013_INC-W1",-86.611,-16.143,-14.0135,-75.00375,31.6027462659734,31.5823285230313,"EC_013_Wet","N/A",31.5823285230313,-75.00375
"EC_013_INC-W4",-70.528,-13.174,-14.0135,-75.00375,31.6027462659734,31.5823285230313,"EC_013_Wet","N/A",31.5823285230313,-75.00375
"EC_013_INC-W3",-44.023,-8.232,-14.0135,-75.00375,31.6027462659734,31.5823285230313,"EC_013_Wet","N/A",31.5823285230313,-75.00375
"EC_013_INC-D5",-27.767,-5.181,-3.1425,-16.847,52.8010767591051,52.800378684549,"EC_013_Dry","N/A",52.800378684549,-16.847
"EC_013_INC-D1",-20.345,-3.792,-3.1425,-16.847,52.8010767591051,52.800378684549,"EC_013_Dry","N/A",52.800378684549,-16.847
"EC_013_INC-D2",-10.627,-1.985,-3.1425,-16.847,52.8010767591051,52.800378684549,"EC_013_Dry","N/A",52.800378684549,-16.847
"EC_013_INC-D3",-8.649,-1.612,-3.1425,-16.847,52.8010767591051,52.800378684549,"EC_013_Dry","N/A",52.800378684549,-16.847
"EC_012_INC-D4",-729.176,-156.149,-106.9442,-500.6492,57.5554620277544,57.2262370016684,"EC_012_Dry","N/A",57.2262370016684,-500.6492
"EC_012_INC-D2",-660.8,-140.551,-106.9442,-500.6492,57.5554620277544,57.2262370016684,"EC_012_Dry","N/A",57.2262370016684,-500.6492
"EC_012_INC-D3",-568.611,-122,-106.9442,-500.6492,57.5554620277544,57.2262370016684,"EC_012_Dry","N/A",57.2262370016684,-500.6492
"EC_012_INC-D1",-538.397,-115.406,-106.9442,-500.6492,57.5554620277544,57.2262370016684,"EC_012_Dry","N/A",57.2262370016684,-500.6492
"EC_012_INC-D5",-6.262,-0.615,-106.9442,-500.6492,57.5554620277544,57.2262370016684,"EC_012_Dry","N/A",57.2262370016684,-500.6492
"EC_011_INC-D3",-874.652,-219.742,-192.5536,-767.397,22.0252445330748,22.0444770818862,"EC_011_Dry","N/A",22.0444770818862,-767.397
"EC_011_INC-D4",-867.535,-217.954,-192.5536,-767.397,22.0252445330748,22.0444770818862,"EC_011_Dry","N/A",22.0444770818862,-767.397
"EC_011_INC-D2",-854.763,-214.02,-192.5536,-767.397,22.0252445330748,22.0444770818862,"EC_011_Dry","N/A",22.0444770818862,-767.397
"EC_011_INC-D5",-764.701,-191.632,-192.5536,-767.397,22.0252445330748,22.0444770818862,"EC_011_Dry","N/A",22.0444770818862,-767.397
"EC_011_INC-D1",-475.334,-119.42,-192.5536,-767.397,22.0252445330748,22.0444770818862,"EC_011_Dry","N/A",22.0444770818862,-767.397
"EC_009_INC-W3",-14.59,-4.162,-3.3296,-11.6498,20.0382958584473,20.1706451984451,"EC_009_Wet","N/A",20.1706451984451,-11.6498
"EC_009_INC-W2",-13.658,-3.905,-3.3296,-11.6498,20.0382958584473,20.1706451984451,"EC_009_Wet","N/A",20.1706451984451,-11.6498
"EC_009_INC-W1",-10.54,-3.002,-3.3296,-11.6498,20.0382958584473,20.1706451984451,"EC_009_Wet","N/A",20.1706451984451,-11.6498
"EC_009_INC-W4",-10.367,-2.971,-3.3296,-11.6498,20.0382958584473,20.1706451984451,"EC_009_Wet","N/A",20.1706451984451,-11.6498
"EC_009_INC-W5",-9.094,-2.608,-3.3296,-11.6498,20.0382958584473,20.1706451984451,"EC_009_Wet","N/A",20.1706451984451,-11.6498
"EC_009_INC-D5",-8.669,-2.473,-2.7374,-9.5452,149.636594337883,149.369704282718,"EC_009_Dry","N/A",108.388940486998,-3.3235
"EC_009_INC-D1",-2.097,-0.602,-2.7374,-9.5452,149.636594337883,149.369704282718,"EC_009_Dry","N/A",108.388940486998,-3.3235
"EC_009_INC-D4",-1.693,-0.483,-2.7374,-9.5452,149.636594337883,149.369704282718,"EC_009_Dry","N/A",108.388940486998,-3.3235
"EC_009_INC-D3",-0.835,-0.239,-2.7374,-9.5452,149.636594337883,149.369704282718,"EC_009_Dry","N/A",108.388940486998,-3.3235
"EC_005_INC-W3",-1.21,-0.376,-0.2802,-0.9036,44.773721759949,44.7059806221715,"EC_005_Wet","N/A",44.7059806221715,-0.9036
"EC_005_INC-W4",-1.16,-0.36,-0.2802,-0.9036,44.773721759949,44.7059806221715,"EC_005_Wet","N/A",44.7059806221715,-0.9036
"EC_005_INC-W2",-1.117,-0.346,-0.2802,-0.9036,44.773721759949,44.7059806221715,"EC_005_Wet","N/A",44.7059806221715,-0.9036
"EC_005_INC-W5",-0.786,-0.243,-0.2802,-0.9036,44.773721759949,44.7059806221715,"EC_005_Wet","N/A",44.7059806221715,-0.9036
"EC_005_INC-W1",-0.245,-0.076,-0.2802,-0.9036,44.773721759949,44.7059806221715,"EC_005_Wet","N/A",44.7059806221715,-0.9036
"EC_005_INC-D4",-0.214,-0.066,-0.031,-0.1004,139.420534096608,139.388151152241,"EC_005_Dry","Issue in dropping sample",200,-0.0535
"EC_005_INC-D1",0,0,-0.031,-0.1004,139.420534096608,139.388151152241,"EC_005_Dry","Issue in dropping sample",200,-0.0535
"EC_005_INC-D2",0,0,-0.031,-0.1004,139.420534096608,139.388151152241,"EC_005_Dry","Issue in dropping sample",200,-0.0535
"EC_005_INC-D3",0,0,-0.031,-0.1004,139.420534096608,139.388151152241,"EC_005_Dry","Issue in dropping sample",200,-0.0535
NA,NA,NA,NA,NA,NA,NA,NA,NA,NA,NA
